depth,weight on bit
130-135,17.83
135-140,19.33
140-145,19.23
145-150,18.81
150-155,16.43
155-160,12.85
160-165,12.79
165-170,10.83
170-175,9.14
175-180,0.58
180-185,0.58
185-190,0.57
190-195,0.57
195-200,0.56
200-205,0.55
205-210,0.55
210-215,0.54
215-220,0.54
220-225,0.53
225-230,0.53
230-235,0.52
235-240,0.52
240-245,0.51
245-250,0.51
250-255,0.50
255-260,0.50
260-265,0.49
265-270,0.48
270-275,0.48
275-280,0.47
280-285,0.47
285-290,0.46
290-295,0.46
295-300,0.45
300-305,0.45
305-310,0.44
310-315,0.44
315-320,0.43
320-325,0.43
325-330,0.42
330-335,0.41
335-340,0.41
340-345,0.40
345-350,0.40
350-355,0.39
355-360,0.39
360-365,0.38
365-370,0.38
370-375,0.37
375-380,0.37
380-385,0.36
385-390,0.36
390-395,0.53
395-400,0.58
400-405,0.57
405-410,0.56
410-415,0.55
415-420,0.54
420-425,0.53
425-430,0.52
430-435,0.52
435-440,0.51
440-445,0.50
445-450,0.49
450-455,0.48
455-460,0.47
460-465,0.46
465-470,0.45
470-475,0.44
475-480,0.43
480-485,0.43
485-490,0.42
490-495,0.41
495-500,0.40
500-505,0.39
505-510,0.38
510-515,0.37
515-520,0.36
520-525,0.35
525-530,0.34
530-535,0.33
535-540,0.33
540-545,0.32
545-550,0.31
550-555,0.30
555-560,0.29
560-565,0.28
565-570,0.27
570-575,0.26
575-580,0.25
580-585,0.24
585-590,0.44
590-595,4.73
595-600,7.87
600-605,15.05
605-610,13.77
610-615,20.28
615-620,16.88
620-625,15.75
625-630,15.09
630-635,12.46
635-640,15.23
640-645,17.54
645-650,15.35
650-655,15.47
655-660,12.47
660-665,15.25
665-670,10.15
670-675,5.42
675-680,10.34
680-685,11.28
685-690,13.70
690-695,15.19
695-700,10.33
700-705,10.07
705-710,11.56
710-715,12.21
715-720,14.40
720-725,11.27
725-730,15.02
730-735,6.73
735-740,12.33
740-745,12.66
745-750,7.72
750-755,13.57
755-760,12.49
760-765,17.10
765-770,17.16
770-775,6.31
775-780,7.87
780-785,14.81
785-790,13.28
790-795,20.23
795-800,16.95
800-805,18.41
805-810,18.38
810-815,14.85
815-820,18.55
820-825,18.74
825-830,15.35
830-835,10.20
835-840,13.18
840-845,14.01
845-850,15.92
850-855,21.02
855-860,21.61
860-865,19.85
865-870,18.17
870-875,21.39
875-880,20.55
880-885,19.63
885-890,20.39
890-895,18.90
895-900,19.24
900-905,20.80
905-910,20.87
910-915,21.35
915-920,19.78
920-925,20.83
925-930,14.98
930-935,14.79
935-940,17.25
940-945,8.99
945-950,7.17
950-955,9.46
955-960,6.20
960-965,16.44
965-970,13.85
970-975,16.89
975-980,17.67
980-985,19.72
985-990,21.44
990-995,12.06
995-1000,14.14
1000-1005,17.92
1005-1010,8.03
1010-1015,8.18
1015-1020,10.67
1020-1025,12.11
1025-1030,10.95
1030-1035,15.29
1035-1040,13.12
1040-1045,20.70
1045-1050,22.05
1050-1055,22.41
1055-1060,4.01
1060-1065,10.96
1065-1070,15.04
1070-1075,22.73
1075-1080,22.24
1080-1085,20.15
1085-1090,27.08
1090-1095,21.50
1095-1100,17.24
1100-1105,10.77
1105-1110,16.15
1110-1115,16.52
1115-1120,9.10
1120-1125,10.37
1125-1130,10.62
1130-1135,10.02
1135-1140,16.41
1140-1145,7.03
1145-1150,16.24
1150-1155,13.86
1155-1160,18.75
1160-1165,17.36
1165-1170,13.77
1170-1175,27.75
1175-1180,32.27
1180-1185,34.32
1185-1190,27.72
1190-1195,23.05
1195-1200,10.82
1200-1205,6.65
1205-1210,5.36
1210-1215,6.33
1215-1220,7.66
1220-1225,12.06
1225-1230,10.93
1230-1235,10.85
1235-1240,10.51
1240-1245,10.31
1245-1250,13.90
1250-1255,14.58
1255-1260,16.33
1260-1265,12.66
1265-1270,12.76
1270-1275,12.19
1275-1280,11.32
1280-1285,12.88
1285-1290,13.38
1290-1295,13.11
1295-1300,11.74
1300-1305,12.92
1305-1310,13.94
1310-1315,11.78
1315-1320,11.73
1320-1325,12.82
1325-1330,12.87
1330-1335,15.53
1335-1340,10.23
1340-1345,6.02
1345-1350,8.29
1350-1355,11.35
1355-1360,12.80
1360-1365,13.04
1365-1370,11.08
1370-1375,11.23
1375-1380,8.42
1380-1385,8.31
1385-1390,8.24
1390-1395,9.74
1395-1400,7.67
1400-1405,4.48
1405-1410,6.49
1410-1415,4.66
1415-1420,2.14
1420-1425,3.45
1425-1430,6.47
1430-1435,8.18
1435-1440,6.57
1440-1445,8.19
1445-1450,8.22
1450-1455,9.54
1455-1460,7.49
1460-1465,8.91
1465-1470,9.91
1470-1475,9.98
1475-1480,9.36
1480-1485,7.91
1485-1490,9.35
1490-1495,11.94
1495-1500,12.02
1500-1505,11.37
1505-1510,11.54
1510-1515,6.71
1515-1520,2.29
1520-1525,11.28
1525-1530,11.23
1530-1535,7.71
1535-1540,6.99
1540-1545,7.10
1545-1550,7.80
1550-1555,11.21
1555-1560,10.33
1560-1565,11.04
1565-1570,13.62
1570-1575,11.38
1575-1580,6.05
1580-1585,14.99
1585-1590,14.38
1590-1595,12.81
1595-1600,10.68
1600-1605,12.36
1605-1610,8.16
1610-1615,10.88
1615-1620,15.02
1620-1625,8.77
1625-1630,8.96
1630-1635,20.09
1635-1640,20.56
1640-1645,21.81
1645-1650,6.69
1650-1655,4.42
1655-1660,7.01
1660-1665,8.20
1665-1670,8.82
1670-1675,6.36
1675-1680,6.12
1680-1685,6.30
1685-1690,7.19
1690-1695,8.45
1695-1700,8.34
1700-1705,8.26
1705-1710,5.32
1710-1715,4.68
1715-1720,3.33
1720-1725,4.95
1725-1730,6.75
1730-1735,5.55
1735-1740,5.00
1740-1745,5.27
1745-1750,5.43
1750-1755,4.95
1755-1760,3.05
1760-1765,4.39
1765-1770,6.26
1770-1775,7.68
1775-1780,6.80
1780-1785,5.11
1785-1790,3.63
1790-1795,3.43
1795-1800,3.67
1800-1805,5.81
1805-1810,10.06
1810-1815,3.47
1815-1820,4.93
1820-1825,6.05
1825-1830,4.89
1830-1835,3.98
1835-1840,4.43
1840-1845,4.78
1845-1850,3.54
1850-1855,3.34
1855-1860,4.31
1860-1865,4.89
1865-1870,5.53
1870-1875,5.25
1875-1880,2.58
1880-1885,2.66
1885-1890,3.56
1890-1895,4.14
1895-1900,5.26
1900-1905,4.82
1905-1910,8.55
1910-1915,6.44
1915-1920,4.73
1920-1925,5.05
1925-1930,5.79
1930-1935,4.96
1935-1940,9.35
1940-1945,11.88
1945-1950,8.39
1950-1955,7.20
1955-1960,5.00
1960-1965,5.40
1965-1970,4.91
1970-1975,4.70
1975-1980,8.45
1980-1985,8.35
1985-1990,7.67
1990-1995,6.29
1995-2000,5.36
2000-2005,3.88
2005-2010,6.68
2010-2015,8.78
2015-2020,10.40
2020-2025,12.03
2025-2030,11.71
2030-2035,4.85
2035-2040,4.16
2040-2045,7.04
2045-2050,9.20
2050-2055,9.14
2055-2060,7.15
2060-2065,8.38
2065-2070,13.72
2070-2075,15.24
2075-2080,15.71
2080-2085,16.63
2085-2090,14.95
2090-2095,7.56
2095-2100,4.20
2100-2105,6.16
2105-2110,5.64
2110-2115,8.43
2115-2120,8.26
2120-2125,7.01
2125-2130,8.59
2130-2135,8.72
2135-2140,7.11
2140-2145,8.70
2145-2150,6.78
2150-2155,5.37
2155-2160,6.76
2160-2165,6.32
2165-2170,7.49
2170-2175,7.33
2175-2180,9.91
2180-2185,10.55
2185-2190,9.24
2190-2195,7.82
2195-2200,6.30
2200-2205,7.35
2205-2210,7.64
2210-2215,9.35
2215-2220,9.77
2220-2225,8.24
2225-2230,7.76
2230-2235,10.28
2235-2240,4.69
2240-2245,5.37
2245-2250,5.85
2250-2255,8.27
2255-2260,7.31
2260-2265,8.12
2265-2270,7.14
2270-2275,7.33
2275-2280,8.48
2280-2285,9.59
2285-2290,9.99
2290-2295,8.87
2295-2300,8.12
2300-2305,9.95
2305-2310,7.38
2310-2315,7.68
2315-2320,7.29
2320-2325,7.86
2325-2330,8.35
2330-2335,8.17
2335-2340,8.87
2340-2345,7.91
2345-2350,8.32
2350-2355,8.03
2355-2360,7.52
2360-2365,7.90
2365-2370,7.61
2370-2375,2.99
2375-2380,6.49
2380-2385,4.37
2385-2390,7.41
2390-2395,6.83
2395-2400,8.26
2400-2405,7.65
2405-2410,9.19
2410-2415,7.60
2415-2420,8.59
2420-2425,8.70
2425-2430,7.03
2430-2435,10.31
2435-2440,9.74
2440-2445,6.24
2445-2450,9.70
2450-2455,7.81
2455-2460,11.58
2460-2465,9.48
2465-2470,10.39
2470-2475,11.30
2475-2480,11.86
2480-2485,11.67
2485-2490,11.99
2490-2495,11.21
2495-2500,11.60
2500-2505,11.51
2505-2510,10.53
2510-2515,9.04
2515-2520,11.07
2520-2525,10.47
2525-2530,11.99
2530-2535,11.71
2535-2540,9.79
2540-2545,12.02
2545-2550,12.01
2550-2555,12.04
2555-2560,8.15
2560-2565,12.24
2565-2570,12.61
2570-2575,12.05
2575-2580,11.49
2580-2585,12.02
2585-2590,11.87
2590-2595,11.90
2595-2600,12.02
2600-2605,12.02
2605-2610,9.40
2610-2615,11.82
2615-2620,10.00
2620-2625,11.54
2625-2630,11.61
2630-2635,10.96
2635-2640,11.65
2640-2645,12.54
2645-2650,14.64
2650-2655,15.55
2655-2660,20.75
2660-2665,20.68
2665-2670,19.65
2670-2675,21.47
2675-2680,17.75
2680-2685,16.46
2685-2690,18.45
2690-2695,23.47
2695-2700,23.61
2700-2705,27.61
2705-2710,29.96
2710-2715,27.45
2715-2720,25.30
2720-2725,26.41
2725-2730,26.75
2730-2735,29.48
2735-2740,30.77
2740-2745,29.41
2745-2750,28.75
2750-2755,30.29
2755-2760,30.04
2760-2765,33.16
2765-2770,34.00
2770-2775,34.03
2775-2780,34.09
2780-2785,34.03
2785-2790,33.74
2790-2795,33.84
2795-2800,18.06
2800-2805,32.67
2805-2810,33.33
2810-2815,34.33
2815-2820,32.06
2820-2825,35.16
2825-2830,34.81
2830-2835,35.11
2835-2840,31.87
2840-2845,31.21
2845-2850,32.78
2850-2855,34.16
2855-2860,34.19
2860-2865,32.25
2865-2870,33.38
2870-2875,34.04
2875-2880,34.00
2880-2885,34.00
2885-2890,34.02
2890-2895,34.02
2895-2900,33.93
2900-2905,29.03
2905-2910,37.16
2910-2915,40.30
2915-2920,40.68
2920-2925,40.18
2925-2930,36.02
2930-2935,34.43
2935-2940,33.13
2940-2945,33.38
2945-2950,33.30
2950-2955,33.45
2955-2960,31.38
2960-2965,30.95
2965-2970,31.14
2970-2975,33.91
2975-2980,35.28
2980-2985,35.16
2985-2990,35.16
2990-2995,35.13
2995-3000,34.98
3000-3005,33.70
3005-3010,34.31
3010-3015,34.28
3015-3020,34.42
3020-3025,34.18
3025-3030,34.00
3030-3035,34.00
3035-3040,33.76
3040-3045,32.32
3045-3050,34.92
3050-3055,36.83
3055-3060,35.76
3060-3065,30.76
3065-3070,36.45
3070-3075,34.61
3075-3080,35.74
3080-3085,34.06
3085-3090,35.36
3090-3095,33.40
3095-3100,34.70
3100-3105,37.53
3105-3110,37.50
3110-3115,35.90
3115-3120,37.67
3120-3125,37.95
3125-3130,35.99
3130-3135,37.26
3135-3140,35.20
3140-3145,37.39
3145-3150,34.03
3150-3155,30.84
3155-3160,31.66
3160-3165,30.44
3165-3170,28.80
3170-3175,31.28
3175-3180,30.66
3180-3185,31.66
3185-3190,31.22
3190-3195,31.82
3195-3200,31.89
3200-3205,32.08
3205-3210,31.65
3210-3215,30.97
3215-3220,31.98
3220-3225,30.97
3225-3230,32.29
3230-3235,32.38
3235-3240,33.40
3240-3245,33.76
3245-3250,34.01
3250-3255,34.00
3255-3260,34.01
3260-3265,33.75
3265-3270,33.98
3270-3275,34.00
3275-3280,34.14
3280-3285,33.98
3285-3290,33.35
3290-3295,33.35
3295-3300,33.73
3300-3305,33.13
3305-3310,33.80
3310-3315,33.31
3315-3320,33.64
3320-3325,33.75
3325-3330,33.41
3330-3335,33.86
3335-3340,33.75
3340-3345,32.87
3345-3350,32.28
3350-3355,34.00
3355-3360,32.49
3360-3365,33.43
3365-3370,34.01
3370-3375,29.44
3375-3380,33.86
3380-3385,32.84
3385-3390,32.10
3390-3395,31.50
3395-3400,34.00
3400-3405,32.65
3405-3410,33.99
3410-3415,33.75
3415-3420,34.00
3420-3425,35.80
3425-3430,37.97
3430-3435,37.97
3435-3440,37.97
3440-3445,37.94
3445-3450,37.96
3450-3455,37.64
3455-3460,37.72
3460-3465,36.07
3465-3470,37.54
3470-3475,37.12
3475-3480,37.03
3480-3485,37.74
3485-3490,34.46
3490-3495,35.41
3495-3500,37.25
3500-3505,36.90
3505-3510,37.59
3510-3515,36.94
3515-3520,34.03
3520-3525,37.90
3525-3530,37.97
3530-3535,37.97
3535-3540,37.44
3540-3545,36.47
3545-3550,38.51
3550-3555,40.07
3555-3560,39.79
3560-3565,38.73
3565-3570,39.82
3570-3575,39.46
3575-3580,38.67
3580-3585,39.48
3585-3590,39.53
3590-3595,40.05
3595-3600,39.23
3600-3605,38.22
3605-3610,36.17
3610-3615,36.93
3615-3620,39.71
3620-3625,38.96
3625-3630,38.64
3630-3635,40.03
3635-3640,40.01
3640-3645,40.02
3645-3650,40.04
3650-3655,40.02
3655-3660,39.51
3660-3665,39.67
3665-3670,35.84
3670-3675,37.45
3675-3680,39.73
3680-3685,40.01
3685-3690,39.67
3690-3695,39.07
3695-3700,39.44
3700-3705,39.91
3705-3710,39.93
3710-3715,40.07
3715-3720,39.78
3720-3725,40.07
3725-3730,40.04
3730-3735,36.90
3735-3740,29.57
3740-3745,35.90
3745-3750,40.07
3750-3755,40.07
3755-3760,39.15
3760-3765,35.96
3765-3770,37.20
3770-3775,38.18
3775-3780,38.25
3780-3785,34.88
3785-3790,38.50
3790-3795,40.03
3795-3800,39.71
3800-3805,31.27
3805-3810,38.59
3810-3815,40.04
3815-3820,39.00
3820-3825,39.29
3825-3830,40.07
3830-3835,40.07
3835-3840,38.57
3840-3845,30.58
3845-3850,35.56
3850-3855,36.73
3855-3860,40.02
3860-3865,40.07
3865-3870,39.37
3870-3875,39.68
3875-3880,40.02
3880-3885,38.73
3885-3890,39.94
3890-3895,29.97
3895-3900,29.95
3900-3905,34.80
3905-3910,35.12
3910-3915,35.16
3915-3920,35.14
3920-3925,35.16
3925-3930,35.16
3930-3935,35.16
3935-3940,32.26
3940-3945,35.16
3945-3950,35.16
3950-3955,35.16
3955-3960,33.58
3960-3965,35.16
3965-3970,35.12
3970-3975,35.16
3975-3980,35.11
3980-3985,35.16
3985-3990,35.00
3990-3995,34.97
3995-4000,35.14
4000-4005,35.16
4005-4010,35.16
4010-4015,35.16
4015-4020,35.16
4020-4025,35.10
4025-4030,35.15
4030-4035,35.16
4035-4040,35.16
4040-4045,35.16
4045-4050,35.16
4050-4055,35.11
4055-4060,35.16
4060-4065,35.15
4065-4070,35.15
4070-4075,35.16
4075-4080,35.16
4080-4085,35.14
4085-4090,35.16
4090-4095,35.14
4095-4100,35.14
4100-4105,35.16
4105-4110,35.14
4110-4115,35.16
4115-4120,35.14
4120-4125,35.15
4125-4130,35.16
4130-4135,35.15
4135-4140,35.11
4140-4145,35.13
4145-4150,35.14
4150-4155,35.13
4155-4160,35.14
4160-4165,35.16
4165-4170,35.15
4170-4175,35.16
4175-4180,36.78
4180-4185,31.65
4185-4190,35.65
4190-4195,31.96
4195-4200,38.38
4200-4205,33.17
4205-4210,35.79
4210-4215,35.67
4215-4220,37.39
4220-4225,39.18
4225-4230,40.07
4230-4235,39.44
4235-4240,39.93
4240-4245,38.41
4245-4250,35.58
4250-4255,39.08
4255-4260,34.97
4260-4265,40.07
4265-4270,39.08
4270-4275,40.56
4275-4280,42.17
4280-4285,40.38
4285-4290,44.01
4290-4295,44.27
4295-4300,44.02
4300-4305,42.94
4305-4310,44.27
4310-4315,44.27
4315-4320,44.26
4320-4325,44.27
4325-4330,39.71
4330-4335,40.71
4335-4340,42.20
4340-4345,42.89
4345-4350,44.74
4350-4355,45.21
4355-4360,45.10
4360-4365,43.82
4365-4370,45.64
4370-4375,47.08
4375-4380,47.08
4380-4385,47.68
4385-4390,40.25
4390-4395,44.56
4395-4400,48.44
4400-4405,49.04
4405-4410,48.89
4410-4415,48.52
4415-4420,48.52
4420-4425,48.55
4425-4430,48.52
4430-4435,47.95
4435-4440,48.93
4440-4445,38.68
4445-4450,48.11
4450-4455,48.43
4455-4460,44.37
4460-4465,43.18
4465-4470,47.22
4470-4475,45.42
4475-4480,48.34
4480-4485,49.11
4485-4490,48.20
4490-4495,48.19
4495-4500,49.04
4500-4505,49.04
4505-4510,49.03
4510-4515,47.64
4515-4520,47.77
4520-4525,48.08
4525-4530,44.80
4530-4535,49.18
4535-4540,48.90
4540-4545,48.90
4545-4550,49.17
4550-4555,41.34
4555-4560,25.98
4560-4565,34.32
4565-4570,35.16
4570-4575,35.16
4575-4580,35.16
4580-4585,35.16
4585-4590,35.15
4590-4595,35.11
4595-4600,34.77
4600-4605,35.01
4605-4610,35.14
4610-4615,35.16
4615-4620,35.16
4620-4625,36.95
4625-4630,37.84
4630-4635,37.83
4635-4640,37.95
4640-4645,37.75
4645-4650,37.85
4650-4655,37.29
4655-4660,37.15
4660-4665,38.23
4665-4670,40.25
4670-4675,42.43
4675-4680,43.20
4680-4685,44.27
4685-4690,44.03
4690-4695,42.78
4695-4700,38.73
4700-4705,39.23
4705-4710,40.05
4710-4715,38.92
4715-4720,35.51
4720-4725,40.03
4725-4730,39.58
4730-4735,39.79
4735-4740,36.92
4740-4745,39.80
4745-4750,39.00
4750-4755,40.06
4755-4760,38.91
4760-4765,40.07
4765-4770,38.50
4770-4775,39.16
4775-4780,32.18
4780-4785,30.33
4785-4790,29.25
4790-4795,42.80
4795-4800,42.61
4800-4805,42.24
4805-4810,43.20
4810-4815,42.52
4815-4820,36.87
4820-4825,37.85
4825-4830,37.33
4830-4835,39.02
4835-4840,40.07
4840-4845,40.84
4845-4850,45.11
4850-4855,44.98
4855-4860,45.21
4860-4865,45.21
4865-4870,44.55
4870-4875,45.21
4875-4880,44.15
4880-4885,45.21
4885-4890,45.21
4890-4895,45.21
4895-4900,45.21
4900-4905,45.21
4905-4910,45.21
4910-4915,45.21
4915-4920,45.21
4920-4925,45.21
4925-4930,42.08
4930-4935,42.64
4935-4940,43.14
4940-4945,44.71
4945-4950,41.74
4950-4955,41.91
4955-4960,40.72
4960-4965,42.64
4965-4970,40.05
4970-4975,41.93
4975-4980,43.33
4980-4985,40.20
4985-4990,41.43
4990-4995,43.62
4995-5000,42.87
5000-5005,42.57
5005-5010,45.42
5010-5015,46.94
5015-5020,47.08
5020-5025,47.08
5025-5030,47.69
5030-5035,47.79
5035-5040,48.01
5040-5045,40.70
5045-5050,47.96
5050-5055,45.74
5055-5060,43.35
5060-5065,48.19
5065-5070,48.01
5070-5075,47.78
5075-5080,48.01
5080-5085,48.40
5085-5090,52.82
5090-5095,58.23
5095-5100,60.26
5100-5105,60.39
5105-5110,60.46
5110-5115,43.72
5115-5120,9.63
5120-5125,10.91
5125-5130,27.69
5130-5135,27.64
5135-5140,29.79
5140-5145,29.79
5145-5150,29.81
5150-5155,29.79
5155-5160,31.20
5160-5165,36.60
5165-5170,41.74
5170-5175,43.36
5175-5180,38.76
5180-5185,40.07
5185-5190,40.06
5190-5195,39.80
5195-5200,38.77
5200-5205,39.54
5205-5210,40.61
5210-5215,45.21
5215-5220,45.21
5220-5225,45.21
5225-5230,45.22
5230-5235,45.21
5235-5240,45.20
5240-5245,42.53
5245-5250,45.23
5250-5255,45.22
5255-5260,45.21
5260-5265,45.21
5265-5270,45.21
5270-5275,45.21
5275-5280,44.99
5280-5285,42.40
5285-5290,44.47
5290-5295,45.21
5295-5300,45.21
5300-5305,46.49
5305-5310,45.38
5310-5315,45.21
5315-5320,45.21
5320-5325,45.27
5325-5330,45.29
5330-5335,44.74
5335-5340,44.55
5340-5345,45.05
5345-5350,28.74
5350-5355,29.79
5355-5360,29.79
5360-5365,29.79
5365-5370,29.79
5370-5375,29.80
5375-5380,29.79
5380-5385,29.79
5385-5390,29.79
5390-5395,29.79
5395-5400,33.91
5400-5405,35.16
5405-5410,35.16
5410-5415,37.01
5415-5420,40.96
5420-5425,45.23
5425-5430,45.21
5430-5435,45.21
5435-5440,45.21
5440-5445,47.74
5445-5450,50.19
5450-5455,51.06
5455-5460,52.22
5460-5465,52.22
5465-5470,52.22
5470-5475,27.94
5475-5480,5.30
5480-5485,8.33
5485-5490,10.36
5490-5495,12.23
5495-5500,4.87
5500-5505,6.52
5505-5510,30.99
5510-5515,35.16
5515-5520,39.27
5520-5525,39.09
5525-5530,40.05
5530-5535,40.07
5535-5540,40.07
5540-5545,40.65
5545-5550,42.16
5550-5555,44.87
5555-5560,43.93
5560-5565,45.19
5565-5570,45.21
5570-5575,46.47
5575-5580,47.33
5580-5585,50.11
5585-5590,50.12
5590-5595,47.38
5595-5600,47.08
5600-5605,47.09
5605-5610,47.08
5610-5615,47.08
5615-5620,47.08
5620-5625,47.08
5625-5630,46.56
5630-5635,47.53
5635-5640,47.79
5640-5645,47.34
5645-5650,47.22
5650-5655,47.41
5655-5660,47.22
5660-5665,47.08
5665-5670,47.08
5670-5675,47.08
5675-5680,47.08
5680-5685,47.08
5685-5690,47.08
5690-5695,47.08
5695-5700,47.08
5700-5705,47.08
5705-5710,47.08
5710-5715,47.08
5715-5720,46.79
5720-5725,47.08
5725-5730,47.08
5730-5735,47.08
5735-5740,47.08
5740-5745,47.17
5745-5750,47.14
5750-5755,47.08
5755-5760,42.16
5760-5765,29.86
5765-5770,29.14
5770-5775,29.65
5775-5780,29.74
5780-5785,29.26
5785-5790,29.79
5790-5795,29.79
5795-5800,29.79
5800-5805,29.79
5805-5810,29.05
5810-5815,29.01
5815-5820,29.80
5820-5825,29.81
5825-5830,29.79
5830-5835,29.64
5835-5840,29.78
5840-5845,29.76
5845-5850,14.78
5850-5855,7.73
5855-5860,10.12
5860-5865,3.98
5865-5870,4.33
5870-5875,3.82
5875-5880,5.10
5880-5885,4.92
5885-5890,5.72
5890-5895,11.22
5895-5900,25.82
5900-5905,29.15
5905-5910,31.06
5910-5915,32.73
5915-5920,34.44
5920-5925,35.51
5925-5930,37.96
5930-5935,38.54
5935-5940,39.24
5940-5945,39.21
5945-5950,39.12
5950-5955,37.64
5955-5960,35.60
5960-5965,29.79
5965-5970,29.79
5970-5975,30.36
5975-5980,39.45
5980-5985,40.07
5985-5990,40.07
5990-5995,39.56
5995-6000,40.06
6000-6005,40.07
6005-6010,36.27
6010-6015,41.80
6015-6020,44.90
6020-6025,45.14
6025-6030,45.10
6030-6035,45.23
6035-6040,45.49
6040-6045,46.63
6045-6050,46.97
6050-6055,48.01
6055-6060,48.02
6060-6065,46.83
6065-6070,40.06
6070-6075,39.62
6075-6080,39.52
6080-6085,40.07
6085-6090,40.03
6090-6095,40.04
6095-6100,40.06
6100-6105,40.07
6105-6110,40.07
6110-6115,40.21
6115-6120,40.37
6120-6125,40.03
6125-6130,40.12
6130-6135,40.13
6135-6140,34.42
6140-6145,30.63
6145-6150,40.03
6150-6155,40.04
6155-6160,41.36
6160-6165,21.03
6165-6170,6.22
6170-6175,5.60
6175-6180,14.36
6180-6185,39.00
6185-6190,40.64
6190-6195,45.32
6195-6200,45.21
6200-6205,45.22
6205-6210,45.21
6210-6215,45.21
6215-6220,45.21
6220-6225,44.99
6225-6230,45.27
6230-6235,45.21
6235-6240,45.21
6240-6245,45.21
6245-6250,45.21
6250-6255,45.25
6255-6260,45.22
6260-6265,45.21
6265-6270,45.21
6270-6275,45.22
6275-6280,45.21
6280-6285,45.21
6285-6290,44.65
6290-6295,44.49
6295-6300,45.21
6300-6305,45.21
6305-6310,45.21
6310-6315,44.54
6315-6320,44.44
6320-6325,45.19
6325-6330,45.22
6330-6335,44.10
6335-6340,41.53
6340-6345,45.23
6345-6350,45.24
6350-6355,45.22
6355-6360,45.26
6360-6365,27.98
6365-6370,29.79
6370-6375,29.79
6375-6380,29.80
6380-6385,23.40
6385-6390,22.72
6390-6395,28.22
6395-6400,31.52
6400-6405,34.22
6405-6410,37.08
6410-6415,38.04
6415-6420,37.49
6420-6425,37.82
6425-6430,38.20
6430-6435,36.18
6435-6440,34.86
6440-6445,35.16
6445-6450,37.46
6450-6455,38.91
6455-6460,38.90
6460-6465,36.32
6465-6470,33.08
6470-6475,35.32
6475-6480,36.99
6480-6485,33.56
6485-6490,37.24
6490-6495,41.15
6495-6500,40.76
6500-6505,41.71
6505-6510,42.31
6510-6515,37.31
6515-6520,39.82
6520-6525,33.12
6525-6530,15.00
6530-6535,12.61
6535-6540,26.87
6540-6545,39.19
6545-6550,41.66
6550-6555,44.40
6555-6560,45.21
6560-6565,45.63
6565-6570,46.22
6570-6575,47.27
6575-6580,47.08
6580-6585,47.61
6585-6590,40.39
6590-6595,44.43
6595-6600,46.09
6600-6605,47.31
6605-6610,48.44
6610-6615,48.89
6615-6620,48.66
6620-6625,48.72
6625-6630,48.41
6630-6635,46.60
6635-6640,46.23
6640-6645,46.54
6645-6650,45.86
6650-6655,48.24
6655-6660,46.21
6660-6665,46.97
6665-6670,45.22
6670-6675,43.94
6675-6680,48.22
6680-6685,49.42
6685-6690,43.84
6690-6695,42.08
6695-6700,45.02
6700-6705,48.32
6705-6710,49.17
6710-6715,49.18
6715-6720,49.18
6720-6725,49.14
6725-6730,50.21
6730-6735,60.20
6735-6740,59.95
6740-6745,61.01
6745-6750,61.88
6750-6755,58.21
6755-6760,55.76
6760-6765,56.78
6765-6770,58.62
6770-6775,59.44
6775-6780,55.37
6780-6785,60.98
6785-6790,62.50
6790-6795,62.50
6795-6800,49.18
6800-6805,41.85
6805-6810,44.96
6810-6815,45.21
6815-6820,44.97
6820-6825,45.53
6825-6830,50.58
6830-6835,62.50
6835-6840,62.50
6840-6845,62.37
6845-6850,62.34
6850-6855,62.50
6855-6860,62.50
6860-6865,62.50
6865-6870,62.50
6870-6875,58.98
6875-6880,49.89
6880-6885,50.11
6885-6890,50.12
6890-6895,53.33
6895-6900,59.96
6900-6905,62.48
6905-6910,52.50
6910-6915,50.12
6915-6920,51.96
6920-6925,59.91
6925-6930,59.61
6930-6935,60.09
6935-6940,59.81
6940-6945,60.64
6945-6950,25.92
6950-6955,28.34
6955-6960,29.55
6960-6965,21.82
6965-6970,24.83
6970-6975,29.30
6975-6980,33.21
6980-6985,35.44
6985-6990,39.00
6990-6995,34.98
6995-7000,37.36
7000-7005,38.60
7005-7010,38.92
7010-7015,41.76
7015-7020,55.89
7020-7025,53.33
7025-7030,46.13
7030-7035,50.51
7035-7040,53.89
7040-7045,44.46
7045-7050,50.00
7050-7055,47.69
7055-7060,56.34
7060-7065,57.94
7065-7070,60.71
7070-7075,57.17
7075-7080,48.91
7080-7085,49.37
7085-7090,49.99
7090-7095,50.03
7095-7100,49.45
7100-7105,49.77
7105-7110,48.62
7110-7115,49.67
7115-7120,49.51
7120-7125,48.81
7125-7130,49.12
7130-7135,50.04
7135-7140,41.99
7140-7145,57.02
7145-7150,62.50
7150-7155,51.06
7155-7160,49.89
7160-7165,50.09
7165-7170,49.91
7170-7175,49.02
7175-7180,50.11
7180-7185,50.18
7185-7190,50.21
7190-7195,50.29
7195-7200,50.04
7200-7205,49.99
7205-7210,50.28
7210-7215,55.28
7215-7220,62.95
7220-7225,54.31
7225-7230,50.12
7230-7235,44.08
7235-7240,55.84
7240-7245,50.12
7245-7250,50.12
7250-7255,50.13
7255-7260,50.12
7260-7265,50.12
7265-7270,50.12
7270-7275,50.28
7275-7280,50.19
7280-7285,50.21
7285-7290,50.12
7290-7295,50.27
7295-7300,50.12
7300-7305,49.73
7305-7310,50.11
7310-7315,50.12
7315-7320,50.12
7320-7325,50.12
7325-7330,49.91
7330-7335,50.03
7335-7340,49.80
7340-7345,50.03
7345-7350,49.76
7350-7355,50.03
7355-7360,49.80
7360-7365,48.36
7365-7370,50.11
7370-7375,50.12
7375-7380,50.12
7380-7385,49.95
7385-7390,50.03
7390-7395,33.92
7395-7400,38.80
7400-7405,30.04
7405-7410,32.04
7410-7415,26.22
7415-7420,36.39
7420-7425,37.07
7425-7430,43.72
7430-7435,46.07
7435-7440,44.56
7440-7445,34.99
7445-7450,35.16
7450-7455,35.16
7455-7460,35.16
7460-7465,35.16
7465-7470,35.16
7470-7475,35.16
7475-7480,33.58
7480-7485,33.11
7485-7490,34.86
7490-7495,33.84
7495-7500,30.66
7500-7505,35.16
7505-7510,29.08
7510-7515,46.63
7515-7520,49.33
7520-7525,50.85
7525-7530,52.07
7530-7535,48.42
7535-7540,51.88
7540-7545,38.52
7545-7550,35.53
7550-7555,34.63
7555-7560,34.56
7560-7565,34.70
7565-7570,34.87
7570-7575,34.86
7575-7580,35.16
7580-7585,34.79
7585-7590,34.65
7590-7595,35.00
7595-7600,35.16
7600-7605,32.13
7605-7610,59.50
7610-7615,64.90
7615-7620,65.30
7620-7625,65.30
7625-7630,64.79
7630-7635,65.30
7635-7640,65.30
7640-7645,56.16
7645-7650,34.62
7650-7655,38.14
7655-7660,49.40
7660-7665,46.71
7665-7670,28.16
7670-7675,55.58
7675-7680,61.44
7680-7685,62.98
7685-7690,56.16
7690-7695,50.13
7695-7700,47.27
7700-7705,47.29
7705-7710,63.31
7710-7715,63.42
7715-7720,64.07
7720-7725,59.86
7725-7730,48.94
7730-7735,50.29
7735-7740,50.12
7740-7745,46.97
7745-7750,45.20
7750-7755,59.72
7755-7760,63.70
7760-7765,61.99
7765-7770,50.04
7770-7775,50.16
7775-7780,49.58
7780-7785,49.78
7785-7790,50.13
7790-7795,50.11
7795-7800,48.54
7800-7805,49.00
7805-7810,49.62
7810-7815,47.63
7815-7820,46.91
7820-7825,40.19
7825-7830,49.82
7830-7835,50.12
7835-7840,46.44
7840-7845,50.10
7845-7850,50.16
7850-7855,50.15
7855-7860,50.12
7860-7865,49.90
7865-7870,38.85
7870-7875,57.34
7875-7880,54.42
7880-7885,49.98
7885-7890,28.09
7890-7895,35.63
7895-7900,63.63
7900-7905,63.29
7905-7910,63.95
7910-7915,63.15
7915-7920,49.95
7920-7925,49.59
7925-7930,49.89
7930-7935,49.98
7935-7940,41.09
7940-7945,51.57
7945-7950,63.87
7950-7955,65.00
7955-7960,59.51
7960-7965,59.14
7965-7970,49.17
7970-7975,49.89
7975-7980,49.58
7980-7985,33.71
7985-7990,51.97
7990-7995,46.05
7995-8000,54.95
8000-8005,54.71
8005-8010,36.52
8010-8015,46.16
8015-8020,49.74
8020-8025,44.80
8025-8030,26.84
8030-8035,40.29
8035-8040,37.20
8040-8045,35.81
8045-8050,47.91
8050-8055,61.68
8055-8060,70.40
8060-8065,47.79
8065-8070,29.91
8070-8075,34.81
8075-8080,58.86
8080-8085,60.00
8085-8090,55.00
8090-8095,58.54
8095-8100,39.08
8100-8105,39.93
8105-8110,48.42
8110-8115,48.61
8115-8120,49.17
8120-8125,48.30
8125-8130,48.70
8130-8135,35.54
8135-8140,60.40
8140-8145,58.27
8145-8150,49.60
8150-8155,49.90
8155-8160,49.81
8160-8165,49.73
8165-8170,49.67
8170-8175,50.13
8175-8180,48.47
8180-8185,47.35
8185-8190,48.01
8190-8195,47.78
8195-8200,48.02
8200-8205,48.04
8205-8210,47.91
8210-8215,47.38
8215-8220,47.70
8220-8225,49.17
8225-8230,49.40
8230-8235,50.12
8235-8240,50.23
8240-8245,35.66
8245-8250,28.06
8250-8255,28.34
8255-8260,29.70
8260-8265,34.65
8265-8270,38.23
8270-8275,52.26
8275-8280,57.31
8280-8285,59.96
8285-8290,57.90
8290-8295,34.23
8295-8300,35.16
8300-8305,36.30
8305-8310,39.04
8310-8315,39.56
8315-8320,40.05
8320-8325,40.07
8325-8330,40.07
8330-8335,40.07
8335-8340,39.57
8340-8345,40.06
8345-8350,40.30
8350-8355,42.01
8355-8360,35.74
8360-8365,61.49
8365-8370,62.50
8370-8375,62.50
8375-8380,61.90
8380-8385,44.40
8385-8390,43.36
8390-8395,27.71
8395-8400,43.01
8400-8405,46.35
8405-8410,50.10
8410-8415,50.12
8415-8420,50.12
8420-8425,50.12
8425-8430,50.12
8430-8435,50.12
8435-8440,50.12
8440-8445,50.12
8445-8450,46.90
8450-8455,50.11
8455-8460,50.12
8460-8465,49.10
8465-8470,48.68
8470-8475,49.85
8475-8480,50.12
8480-8485,50.12
8485-8490,50.12
8490-8495,50.12
8495-8500,50.12
8500-8505,49.61
8505-8510,49.78
8510-8515,50.12
8515-8520,50.12
8520-8525,50.12
8525-8530,50.12
8530-8535,50.13
8535-8540,12.50
8540-8545,26.54
8545-8550,32.32
8550-8555,28.05
8555-8560,26.36
8560-8565,31.58
8565-8570,39.45
8570-8575,46.83
8575-8580,44.03
8580-8585,31.79
8585-8590,28.98
8590-8595,37.34
8595-8600,27.54
8600-8605,41.45
8605-8610,48.45
8610-8615,49.22
8615-8620,50.47
8620-8625,49.87
8625-8630,33.12
8630-8635,38.10
8635-8640,38.90
8640-8645,38.90
8645-8650,39.47
8650-8655,41.80
8655-8660,35.71
8660-8665,35.75
8665-8670,43.01
8670-8675,48.27
8675-8680,51.72
8680-8685,49.99
8685-8690,38.85
8690-8695,44.26
8695-8700,42.96
8700-8705,44.56
8705-8710,45.21
8710-8715,38.32
8715-8720,39.09
8720-8725,43.39
8725-8730,44.27
8730-8735,44.79
8735-8740,45.05
8740-8745,44.98
8745-8750,40.34
8750-8755,42.61
8755-8760,43.48
8760-8765,45.19
8765-8770,45.21
8770-8775,45.21
8775-8780,45.21
8780-8785,45.21
8785-8790,45.21
8790-8795,45.21
8795-8800,45.21
8800-8805,36.16
8805-8810,45.21
8810-8815,45.21
8815-8820,45.21
8820-8825,45.21
8825-8830,45.21
8830-8835,44.88
8835-8840,39.55
8840-8845,43.78
8845-8850,45.22
8850-8855,45.23
8855-8860,45.28
8860-8865,45.21
8865-8870,44.98
8870-8875,45.23
8875-8880,45.23
8880-8885,57.56
8885-8890,61.18
8890-8895,62.50
8895-8900,62.50
8900-8905,61.74
8905-8910,38.26
8910-8915,45.21
8915-8920,45.21
8920-8925,45.21
8925-8930,45.21
8930-8935,45.21
8935-8940,43.55
8940-8945,45.18
8945-8950,62.56
8950-8955,62.50
8955-8960,62.50
8960-8965,60.18
8965-8970,43.05
8970-8975,45.21
8975-8980,45.25
8980-8985,45.23
8985-8990,45.24
8990-8995,45.21
8995-9000,45.23
9000-9005,45.23
9005-9010,45.21
9010-9015,45.21
9015-9020,45.21
9020-9025,45.21
9025-9030,45.25
9030-9035,45.23
9035-9040,45.21
9040-9045,45.22
9045-9050,45.20
9050-9055,45.25
9055-9060,45.21
9060-9065,43.45
9065-9070,19.49
9070-9075,18.84
9075-9080,20.10
9080-9085,20.44
9085-9090,20.44
9090-9095,18.24
9095-9100,34.68
9100-9105,43.47
9105-9110,42.67
9110-9115,42.31
9115-9120,44.28
9120-9125,17.38
9125-9130,20.62
9130-9135,29.19
9135-9140,49.15
9140-9145,52.97
9145-9150,52.41
9150-9155,53.00
9155-9160,42.89
9160-9165,35.78
9165-9170,34.77
9170-9175,32.85
9175-9180,35.00
9180-9185,35.16
9185-9190,35.16
9190-9195,35.16
9195-9200,35.16
9200-9205,34.65
9205-9210,35.16
9210-9215,35.16
9215-9220,35.16
9220-9225,30.51
9225-9230,39.65
9230-9235,52.97
9235-9240,53.39
9240-9245,51.80
9245-9250,46.86
9250-9255,49.04
9255-9260,35.21
9260-9265,36.99
9265-9270,38.09
9270-9275,40.05
9275-9280,40.07
9280-9285,40.07
9285-9290,40.07
9290-9295,40.07
9295-9300,40.07
9300-9305,40.00
9305-9310,40.11
9310-9315,40.06
9315-9320,38.53
9320-9325,32.17
9325-9330,52.02
9330-9335,61.00
9335-9340,61.33
9340-9345,47.10
9345-9350,40.07
9350-9355,40.06
9355-9360,40.07
9360-9365,40.07
9365-9370,40.07
9370-9375,40.07
9375-9380,40.07
9380-9385,40.07
9385-9390,41.03
9390-9395,43.11
9395-9400,43.11
9400-9405,43.11
9405-9410,43.11
9410-9415,39.31
9415-9420,55.56
9420-9425,61.00
9425-9430,61.25
9430-9435,61.19
9435-9440,54.22
9440-9445,43.65
9445-9450,44.28
9450-9455,44.27
9455-9460,44.28
9460-9465,44.27
9465-9470,44.27
9470-9475,44.27
9475-9480,45.05
9480-9485,45.21
9485-9490,45.21
9490-9495,45.21
9495-9500,45.21
9500-9505,44.97
9505-9510,45.21
9510-9515,45.21
9515-9520,45.21
9520-9525,45.21
9525-9530,45.21
9530-9535,45.21
9535-9540,45.21
9540-9545,45.21
9545-9550,44.67
9550-9555,43.12
9555-9560,43.11
9560-9565,43.11
9565-9570,42.66
9570-9575,43.11
9575-9580,43.11
9580-9585,43.11
9585-9590,43.11
9590-9595,43.10
9595-9600,42.67
9600-9605,42.62
9605-9610,37.30
9610-9615,59.91
9615-9620,44.87
9620-9625,45.23
9625-9630,46.43
9630-9635,47.08
9635-9640,47.08
9640-9645,47.08
9645-9650,47.08
9650-9655,47.08
9655-9660,47.08
9660-9665,47.08
9665-9670,47.08
9670-9675,47.08
9675-9680,47.08
9680-9685,47.08
9685-9690,46.18
9690-9695,46.88
9695-9700,32.83
9700-9705,50.46
9705-9710,48.92
9710-9715,41.01
9715-9720,38.55
9720-9725,41.75
9725-9730,47.01
9730-9735,47.06
9735-9740,47.04
9740-9745,46.58
9745-9750,40.92
9750-9755,27.98
9755-9760,33.80
9760-9765,34.00
9765-9770,34.00
9770-9775,34.00
9775-9780,34.00
9780-9785,34.00
9785-9790,34.00
9790-9795,34.00
9795-9800,32.97
9800-9805,26.99
9805-9810,30.81
9810-9815,33.42
9815-9820,36.10
9820-9825,28.47
9825-9830,25.84
9830-9835,29.90
9835-9840,26.95
9840-9845,34.91
9845-9850,36.57
9850-9855,37.20
9855-9860,37.56
9860-9865,37.97
9865-9870,38.75
9870-9875,38.90
9875-9880,38.90
9880-9885,38.90
9885-9890,38.90
9890-9895,38.90
9895-9900,38.90
9900-9905,38.65
9905-9910,38.90
9910-9915,38.90
9915-9920,32.67
9920-9925,36.86
9925-9930,32.25
9930-9935,38.91
9935-9940,38.90
9940-9945,38.90
9945-9950,38.90
9950-9955,38.90
9955-9960,38.90
9960-9965,38.90
9965-9970,38.90
9970-9975,38.90
9975-9980,38.90
9980-9985,36.13
9985-9990,31.08
9990-9995,38.37
9995-10000,41.68
10000-10005,38.75
10005-10010,36.47
10010-10015,40.07
10015-10020,40.07
10020-10025,40.07
10025-10030,33.68
10030-10035,39.47
10035-10040,40.07
10040-10045,40.07
10045-10050,40.07
10050-10055,40.06
10055-10060,40.07
10060-10065,40.07
10065-10070,40.07
10070-10075,40.04
10075-10080,40.07
10080-10085,40.07
10085-10090,27.53
10090-10095,35.85
10095-10100,37.68
10100-10105,36.83
10105-10110,38.51
10110-10115,40.07
10115-10120,40.07
10120-10125,40.07
10125-10130,27.25
10130-10135,39.83
10135-10140,39.79
10140-10145,40.07
10145-10150,40.07
10150-10155,40.07
10155-10160,39.89
10160-10165,39.31
10165-10170,40.07
10170-10175,40.07
10175-10180,40.07
10180-10185,40.07
10185-10190,40.07
10190-10195,40.07
10195-10200,40.07
10200-10205,40.07
10205-10210,40.07
10210-10215,40.07
10215-10220,39.40
10220-10225,40.07
10225-10230,40.07
10230-10235,40.07
10235-10240,40.07
10240-10245,40.07
10245-10250,40.07
10250-10255,40.10
10255-10260,40.07
10260-10265,40.07
10265-10270,40.07
10270-10275,19.89
10275-10280,34.26
10280-10285,42.53
10285-10290,44.86
10290-10295,44.68
10295-10300,40.09
10300-10305,39.78
10305-10310,38.79
10310-10315,40.07
10315-10320,40.07
10320-10325,40.07
10325-10330,40.07
10330-10335,40.07
10335-10340,40.07
10340-10345,40.07
10345-10350,40.07
10350-10355,40.07
10355-10360,40.07
10360-10365,39.13
10365-10370,22.75
10370-10375,32.98
10375-10380,38.84
10380-10385,42.68
10385-10390,46.09
10390-10395,39.89
10395-10400,28.06
10400-10405,35.97
10405-10410,43.44
10410-10415,18.56
10415-10420,31.60
10420-10425,40.07
10425-10430,40.07
10430-10435,39.56
10435-10440,39.63
10440-10445,40.07
10445-10450,40.07
10450-10455,40.06
10455-10460,40.07
10460-10465,40.07
10465-10470,40.07
10470-10475,35.19
10475-10480,36.27
10480-10485,40.07
10485-10490,40.07
10490-10495,23.58
10495-10500,26.51
10500-10505,30.83
10505-10510,32.48
10510-10515,27.30
10515-10520,32.11
10520-10525,35.04
10525-10530,37.35
10530-10535,37.76
10535-10540,38.69
10540-10545,37.52
10545-10550,40.04
10550-10555,40.07
10555-10560,40.07
10560-10565,40.07
10565-10570,40.07
10570-10575,40.07
10575-10580,40.07
10580-10585,39.23
10585-10590,34.02
10590-10595,41.20
10595-10600,43.73
10600-10605,44.63
10605-10610,34.94
10610-10615,39.74
10615-10620,40.07
10620-10625,40.07
10625-10630,40.07
10630-10635,40.07
10635-10640,40.07
10640-10645,40.07
10645-10650,40.07
10650-10655,40.07
10655-10660,40.07
10660-10665,40.07
10665-10670,40.07
10670-10675,40.07
10675-10680,40.07
10680-10685,28.47
10685-10690,25.91
10690-10695,34.17
10695-10700,34.38
10700-10705,30.47
10705-10710,37.16
10710-10715,40.07
10715-10720,40.07
10720-10725,40.07
10725-10730,40.07
10730-10735,40.07
10735-10740,40.07
10740-10745,33.75
10745-10750,40.04
10750-10755,40.07
10755-10760,40.07
10760-10765,40.07
10765-10770,36.48
10770-10775,35.48
10775-10780,35.60
10780-10785,44.24
10785-10790,44.85
10790-10795,40.80
10795-10800,40.25
10800-10805,40.07
10805-10810,40.07
10810-10815,40.07
10815-10820,40.07
10820-10825,40.07
10825-10830,40.07
10830-10835,39.67
10835-10840,39.74
10840-10845,40.07
10845-10850,40.07
10850-10855,40.07
10855-10860,40.07
10860-10865,40.07
10865-10870,40.07
10870-10875,40.07
10875-10880,40.07
10880-10885,40.07
10885-10890,40.07
10890-10895,40.07
10895-10900,40.07
10900-10905,40.07
10905-10910,40.07
10910-10915,40.07
10915-10920,40.07
10920-10925,40.07
10925-10930,40.07
10930-10935,40.07
10935-10940,40.07
10940-10945,40.07
10945-10950,40.07
10950-10955,40.08
10955-10960,12.31
10960-10965,7.52
10965-10970,7.82
10970-10975,3.70
10975-10980,5.61
10980-10985,7.19
10985-10990,7.41
