Depth_From (m),Depth_To (m),OBSIDIAN,RHYOLITE,DACITE,MONZONITE,GRANODIORITE,DIORITE,CLAYSTONE,CLAY,CEMENT,SAND,CONGLOMERATE,GRANITE WASH,GRANITE,MEDIUM SAND,COARSE SAND,UNKNOWN
130,135,0,0,0,0,0,0,0,0,0,20,30,0,0,20,30,0
135,140,0,0,0,0,0,0,0,0,0,30,20,0,0,40,10,0
140,145,0,0,0,0,0,0,0,0,0,40,10,0,0,20,30,0
145,150,0,0,0,0,0,0,0,0,0,50,10,0,0,30,10,0
150,155,0,0,0,0,0,0,0,0,0,70,0,0,0,20,10,0
155,160,0,0,0,0,0,0,0,0,0,70,0,0,0,20,10,0
160,165,0,0,0,0,0,0,0,0,0,70,0,0,0,20,10,0
165,170,0,0,0,0,0,0,0,0,0,70,0,0,0,20,10,0
170,175,0,0,0,0,0,0,0,0,0,70,0,0,0,20,10,0
175,180,0,0,0,0,0,0,0,0,0,70,0,0,0,20,10,0
180,185,0,0,0,0,0,0,0,0,0,60,0,0,0,20,20,0
185,190,0,0,0,0,0,0,0,0,0,60,0,0,0,20,20,0
190,195,0,0,0,0,0,0,0,0,0,80,0,0,0,10,10,0
195,200,0,0,0,0,0,0,0,0,0,80,0,0,0,10,10,0
200,205,0,0,0,0,0,0,0,0,0,80,0,0,0,10,10,0
205,210,0,0,0,0,0,0,0,0,0,80,0,0,0,10,10,0
210,215,0,0,0,0,0,0,0,0,0,80,0,0,0,10,10,0
215,220,0,0,0,0,0,0,0,0,0,80,0,0,0,10,10,0
220,225,0,0,0,0,0,0,0,0,0,90,0,0,0,10,0,0
225,230,0,0,0,0,0,0,0,0,0,90,0,0,0,10,0,0
230,235,0,0,0,0,0,0,0,0,0,80,0,0,0,10,10,0
235,240,0,0,0,0,0,0,0,0,0,80,0,0,0,10,10,0
240,245,0,0,0,0,0,0,0,20,0,40,0,0,0,20,20,0
245,250,0,0,0,0,0,0,0,10,0,50,10,0,0,10,20,0
250,255,0,0,0,0,0,0,0,0,0,50,0,0,0,20,30,0
255,260,0,0,0,0,0,0,0,10,0,70,0,0,0,10,10,0
260,265,0,0,0,0,0,0,0,10,0,60,10,0,0,10,10,0
265,270,0,0,0,0,0,0,0,10,0,60,10,0,0,10,10,0
270,275,0,0,0,0,0,0,0,10,0,70,0,0,0,10,10,0
275,280,0,0,0,0,0,0,0,0,0,80,0,0,0,10,10,0
280,285,0,0,0,0,0,0,0,0,0,70,10,0,0,10,10,0
285,290,0,0,0,0,0,0,0,10,0,50,10,0,0,10,20,0
290,295,0,0,0,0,0,0,0,10,0,50,10,0,0,10,20,0
295,300,0,0,0,0,0,0,0,10,0,50,10,0,0,10,20,0
300,305,0,0,0,0,0,0,0,0,0,60,10,0,0,10,20,0
305,310,0,0,0,0,0,0,0,10,0,60,10,0,0,10,10,0
310,315,0,0,0,0,0,0,0,20,0,30,10,0,0,10,30,0
315,320,0,0,0,0,0,0,0,10,0,50,10,0,0,10,20,0
320,325,0,0,0,0,0,0,0,10,0,60,10,0,0,10,10,0
325,330,0,0,0,0,0,0,0,10,0,50,20,0,0,10,10,0
330,335,0,0,0,0,0,0,0,10,0,50,20,0,0,10,10,0
335,340,0,0,0,0,0,0,0,0,0,70,10,0,0,10,10,0
340,345,0,0,0,0,0,0,0,0,0,70,10,0,0,10,10,0
345,350,0,0,0,0,0,0,0,0,0,70,10,0,0,10,10,0
350,355,0,0,0,0,0,0,0,10,0,60,10,0,0,10,10,0
355,360,0,0,0,0,0,0,0,10,0,50,20,0,0,10,10,0
360,365,0,0,0,0,0,0,0,0,0,40,30,0,0,10,20,0
365,370,0,0,0,0,0,0,0,0,0,40,30,0,0,10,20,0
370,375,0,0,0,0,0,0,0,0,0,50,20,0,0,10,20,0
375,380,0,0,0,0,0,0,0,0,0,50,20,0,0,10,20,0
380,385,0,0,0,0,0,0,0,0,0,60,10,0,0,10,20,0
385,390,0,0,0,0,0,0,0,0,0,60,10,0,0,10,20,0
390,395,0,0,0,0,0,0,0,0,0,60,10,0,0,10,20,0
395,400,0,0,0,0,0,0,0,0,0,60,10,0,0,10,20,0
400,405,0,0,0,0,0,0,0,10,0,50,10,0,0,10,20,0
405,410,0,0,0,0,0,0,0,10,0,50,10,0,0,10,20,0
410,415,0,0,0,0,0,0,0,0,0,60,10,0,0,10,20,0
415,420,0,0,0,0,0,0,0,10,0,50,10,0,0,10,20,0
420,425,0,0,0,0,0,0,0,10,0,50,10,0,0,10,20,0
425,430,0,0,0,0,0,0,0,10,0,50,10,0,0,10,20,0
430,435,0,0,0,0,0,0,0,0,0,50,10,0,0,20,20,0
435,440,0,0,0,0,0,0,0,0,0,50,20,0,0,10,20,0
440,445,0,0,0,0,0,0,0,10,0,40,10,0,0,20,20,0
445,450,0,0,0,0,0,0,0,10,0,30,30,0,0,10,20,0
450,455,0,0,0,0,0,0,0,10,0,30,30,0,0,10,20,0
455,460,0,0,0,0,0,0,0,10,0,40,20,0,0,10,20,0
460,465,0,0,0,0,0,0,0,10,0,40,10,0,0,20,20,0
465,470,0,0,0,0,0,0,0,10,0,30,10,0,0,30,20,0
470,475,0,0,0,0,0,0,0,10,0,40,10,0,0,20,20,0
475,480,0,0,0,0,0,0,0,10,0,30,10,0,0,30,20,0
480,485,0,0,0,0,0,0,0,10,0,30,10,0,0,30,20,0
485,490,0,0,0,0,0,0,0,10,0,30,10,0,0,30,20,0
490,495,0,0,0,0,0,0,0,10,0,20,30,0,0,20,20,0
495,500,0,0,0,0,0,0,0,10,0,30,20,0,0,20,20,0
500,505,0,0,0,0,0,0,0,10,0,20,30,0,0,20,20,0
505,510,0,0,0,0,0,0,0,10,0,60,10,0,0,10,10,0
510,515,0,0,0,0,0,0,0,10,0,30,10,0,0,30,20,0
515,520,0,0,0,0,0,0,0,10,0,30,10,0,0,30,20,0
520,525,0,0,0,0,0,0,0,10,0,30,10,0,0,30,20,0
525,530,0,0,0,0,0,0,0,10,0,30,10,0,0,30,20,0
530,535,0,0,0,0,0,0,0,10,0,30,10,0,0,30,20,0
535,540,0,0,0,0,0,0,0,10,0,30,10,0,0,30,20,0
540,545,0,0,0,0,0,0,0,10,0,30,10,0,0,30,20,0
545,550,0,0,0,0,0,0,0,10,0,40,10,0,0,20,20,0
550,555,0,0,0,0,0,0,0,10,0,40,10,0,0,20,20,0
555,560,0,0,0,0,0,0,0,10,0,50,10,0,0,10,20,0
560,565,0,0,0,0,0,0,0,10,0,50,10,0,0,20,10,0
565,570,0,0,0,0,0,0,0,10,0,50,10,0,0,20,10,0
570,575,0,0,0,0,0,0,0,10,0,50,10,0,0,20,10,0
575,580,0,0,0,0,0,0,0,10,0,50,10,0,0,20,10,0
580,585,0,0,0,0,0,0,0,10,0,50,10,0,0,20,10,0
585,590,0,0,0,0,0,0,0,20,0,40,0,0,0,30,10,0
590,595,0,0,0,0,0,0,0,20,0,40,10,0,0,20,10,0
595,600,0,0,0,0,0,0,0,20,0,50,0,0,0,20,10,0
600,605,0,0,0,0,0,0,0,20,0,50,0,0,0,20,10,0
605,610,0,0,0,0,0,0,0,10,0,50,0,0,0,30,10,0
610,615,0,0,0,0,0,0,0,10,0,20,30,0,0,30,10,0
615,620,0,0,0,0,0,0,0,10,0,30,20,0,0,30,10,0
620,625,0,0,0,0,0,0,0,10,0,40,10,0,0,30,10,0
625,630,0,0,0,0,0,0,0,10,0,30,20,0,0,30,10,0
630,635,0,0,0,0,0,0,0,10,0,30,20,0,0,30,10,0
635,640,0,0,0,0,0,0,0,20,0,30,10,0,0,30,10,0
640,645,0,0,0,0,0,0,0,50,0,30,0,0,0,20,0,0
645,650,0,0,0,0,0,0,0,40,0,40,0,0,0,20,0,0
650,655,0,0,0,0,0,0,0,50,0,30,0,0,0,20,0,0
655,660,0,0,0,0,0,0,0,40,0,40,0,0,0,20,0,0
660,665,0,0,0,0,0,0,0,70,0,30,0,0,0,0,0,0
665,670,0,0,0,0,0,0,0,50,0,30,0,0,0,20,0,0
670,675,0,0,0,0,0,0,0,40,0,40,0,0,0,20,0,0
675,680,0,0,0,0,0,0,0,40,0,40,0,0,0,20,0,0
680,685,0,0,0,0,0,0,0,40,0,40,0,0,0,20,0,0
685,690,0,0,0,0,0,0,0,30,0,40,10,0,0,20,0,0
690,695,0,0,0,0,0,0,0,50,0,30,0,0,0,20,0,0
695,700,0,0,0,0,0,0,0,30,0,30,10,0,0,20,10,0
700,705,0,0,0,0,0,0,0,20,0,40,10,0,0,20,10,0
705,710,0,0,0,0,0,0,0,40,0,30,0,0,0,20,10,0
710,715,0,0,0,0,0,0,0,20,0,40,10,0,0,20,10,0
715,720,0,0,0,0,0,0,0,20,0,40,10,0,0,20,10,0
720,725,0,0,0,0,0,0,0,30,0,30,10,0,0,20,10,0
725,730,0,0,0,0,0,0,0,40,0,30,0,0,0,20,10,0
730,735,0,0,0,0,0,0,0,30,0,30,10,0,0,20,10,0
735,740,0,0,0,0,0,0,0,20,0,40,10,0,0,20,10,0
740,745,0,0,0,0,0,0,0,20,0,40,10,0,0,20,10,0
745,750,0,0,0,0,0,0,0,10,0,40,20,0,0,20,10,0
750,755,0,0,0,0,0,0,0,20,0,40,10,0,0,20,10,0
755,760,0,0,0,0,0,0,0,10,0,30,30,0,0,20,10,0
760,765,0,0,0,0,0,0,0,10,0,30,30,0,0,20,10,0
765,770,0,0,0,0,0,0,0,40,0,0,40,0,0,20,0,0
770,775,0,0,0,0,0,0,0,30,0,30,20,0,0,10,10,0
775,780,0,0,0,0,0,0,0,20,0,20,30,0,0,20,10,0
780,785,0,0,0,0,0,0,0,20,0,20,30,0,0,20,10,0
785,790,0,0,0,0,0,0,0,30,0,30,20,0,0,20,0,0
790,795,0,0,0,0,0,0,0,40,0,10,30,0,0,20,0,0
795,800,0,0,0,0,0,0,0,20,0,20,50,0,0,10,0,0
800,805,0,0,0,0,0,0,0,50,0,10,20,0,0,20,0,0
805,810,0,0,0,0,0,0,0,40,0,20,20,0,0,20,0,0
810,815,0,0,0,0,0,0,0,30,0,30,20,0,0,20,0,0
815,820,0,0,0,0,0,0,0,20,0,40,20,0,0,20,0,0
820,825,0,0,0,0,0,0,0,40,0,20,20,0,0,20,0,0
825,830,0,0,0,0,0,0,0,30,0,30,10,0,0,30,0,0
830,835,0,0,0,0,0,0,0,20,0,30,10,0,0,40,0,0
835,840,0,0,0,0,0,0,0,40,0,30,10,0,0,20,0,0
840,845,0,0,0,0,0,0,0,50,0,10,30,0,0,10,0,0
845,850,0,0,0,0,0,0,0,30,0,40,10,0,0,20,0,0
850,855,0,0,0,0,0,0,0,30,0,20,20,0,0,20,10,0
855,860,0,0,0,0,0,0,0,20,0,20,20,0,0,20,20,0
860,865,0,0,0,0,0,0,0,30,0,20,20,0,0,10,20,0
865,870,0,0,0,0,0,0,0,40,0,20,10,0,0,20,10,0
870,875,0,0,0,0,0,0,0,40,0,20,10,0,0,20,10,0
875,880,0,0,0,0,0,0,0,50,0,10,10,0,0,20,10,0
880,885,0,0,0,0,0,0,0,60,0,10,10,0,0,10,10,0
885,890,0,0,0,0,0,0,0,50,0,20,10,0,0,10,10,0
890,895,0,0,0,0,0,0,0,50,0,10,10,0,0,20,10,0
895,900,0,0,0,0,0,0,0,40,0,20,10,0,0,20,10,0
900,905,0,0,0,0,0,0,0,40,0,20,10,0,0,20,10,0
905,910,0,0,0,0,0,0,0,50,0,10,0,0,0,30,10,0
910,915,0,0,0,0,0,0,0,60,0,20,0,0,0,10,10,0
915,920,0,0,0,0,0,0,0,50,0,20,0,0,0,20,10,0
920,925,0,0,0,0,0,0,0,40,0,30,0,0,0,20,10,0
925,930,0,0,0,0,0,0,0,60,0,20,0,0,0,10,10,0
930,935,0,0,0,0,0,0,0,40,0,30,0,0,0,20,10,0
935,940,0,0,0,0,0,0,0,60,0,10,0,0,0,20,10,0
940,945,0,0,0,0,0,0,0,40,0,40,0,0,0,10,10,0
945,950,0,0,0,0,0,0,0,60,0,0,10,0,0,20,10,0
950,955,0,0,0,0,0,0,0,40,0,40,0,0,0,10,10,0
955,960,0,0,0,0,0,0,0,50,0,30,0,0,0,10,10,0
960,965,0,0,0,0,0,0,0,20,0,40,0,0,0,30,10,0
965,970,0,0,0,0,0,0,0,30,0,30,10,0,0,20,10,0
970,975,0,0,0,0,0,0,0,20,0,40,10,0,0,20,10,0
975,980,0,0,0,0,0,0,0,20,0,30,0,0,0,40,10,0
980,985,0,0,0,0,0,0,0,20,0,20,0,0,0,30,30,0
985,990,0,0,0,0,0,0,0,30,0,40,0,0,0,0,30,0
990,995,0,0,0,0,0,0,0,20,0,20,30,0,0,30,0,0
995,1000,0,0,0,0,0,0,0,40,0,10,0,0,0,10,40,0
1000,1005,0,0,0,0,0,0,0,30,0,20,20,0,0,20,10,0
1005,1010,0,0,0,0,0,0,0,40,0,20,10,0,0,20,10,0
1010,1015,0,0,0,0,0,0,0,40,0,30,30,0,0,0,0,0
1015,1020,0,0,0,0,0,0,0,50,0,10,20,0,0,20,0,0
1020,1025,0,0,0,0,0,0,0,50,0,0,10,0,0,40,0,0
1025,1030,0,0,0,0,0,0,0,50,0,10,0,0,0,10,30,0
1030,1035,0,0,0,0,0,0,0,50,0,10,0,0,0,30,10,0
1035,1040,0,0,0,0,0,0,0,50,0,10,0,0,0,20,20,0
1040,1045,0,0,0,0,0,0,0,50,0,0,0,0,0,10,30,0
1045,1050,0,0,0,0,0,0,0,60,0,0,0,0,0,20,20,0
1050,1055,0,0,0,0,0,0,0,50,0,10,30,0,0,10,0,0
1055,1060,0,0,0,0,0,0,0,60,0,0,30,0,0,10,0,0
1060,1065,0,0,0,0,0,0,0,20,0,30,20,0,0,20,10,0
1065,1070,0,0,0,0,0,0,0,20,0,30,10,0,0,30,10,0
1070,1075,0,0,0,0,0,0,0,20,0,30,20,0,0,30,0,0
1075,1080,0,0,0,0,0,0,0,30,0,10,0,0,0,40,20,0
1080,1085,0,0,0,0,0,0,0,40,0,0,0,0,0,40,20,0
1085,1090,0,0,0,0,0,0,0,30,0,20,20,0,0,20,10,0
1090,1095,0,0,0,0,0,0,0,20,0,30,0,0,0,20,30,0
1095,1100,0,0,0,0,0,0,0,30,0,20,30,0,0,0,20,0
1100,1105,0,0,0,0,0,0,0,20,0,30,10,0,0,30,10,0
1105,1110,0,0,0,0,0,0,0,20,0,30,0,0,0,30,20,0
1110,1115,0,0,0,0,0,0,0,30,0,20,0,0,0,20,30,0
1115,1120,0,0,0,0,0,0,0,30,0,20,0,0,0,20,30,0
1120,1125,0,0,0,0,0,0,0,30,0,30,0,0,0,10,30,0
1125,1130,0,0,0,0,0,0,0,30,0,30,0,0,0,20,20,0
1130,1135,0,0,0,0,0,0,0,40,0,20,0,0,0,20,20,0
1135,1140,0,0,0,0,0,0,0,30,0,30,0,0,0,10,30,0
1140,1145,0,0,0,0,0,0,0,30,0,30,10,0,0,10,20,0
1145,1150,0,0,0,0,0,0,0,30,0,20,20,0,0,20,10,0
1150,1155,0,0,0,0,0,0,0,20,0,20,30,0,0,20,10,0
1155,1160,0,0,0,0,0,0,0,30,0,20,0,0,0,20,30,0
1160,1165,0,0,0,0,0,0,0,40,0,30,0,0,0,10,20,0
1165,1170,0,0,0,0,0,0,0,40,0,20,0,0,0,10,30,0
1170,1175,0,0,0,0,0,0,0,30,0,20,0,0,0,20,30,0
1175,1180,0,0,0,0,0,0,0,50,0,20,0,0,0,10,20,0
1180,1185,0,0,0,0,0,0,0,40,0,20,0,0,0,10,30,0
1185,1190,0,0,0,0,0,0,0,40,0,20,0,0,0,10,30,0
1190,1195,0,0,0,0,0,0,0,40,0,20,10,0,0,10,20,0
1195,1200,0,0,0,0,0,0,0,40,0,20,20,0,0,20,0,0
1200,1205,0,0,0,0,0,0,0,30,0,30,0,0,0,20,20,0
1205,1210,0,0,0,0,0,0,0,30,0,30,0,0,0,20,20,0
1210,1215,0,0,0,0,0,0,0,30,0,30,0,0,0,30,10,0
1215,1220,0,0,0,0,0,0,0,30,0,30,0,0,0,30,10,0
1220,1225,0,0,0,0,0,0,0,30,0,20,0,0,0,40,10,0
1225,1230,0,0,0,0,0,0,0,30,0,20,0,0,0,40,10,0
1230,1235,0,0,0,0,0,0,0,40,0,30,0,0,0,20,10,0
1235,1240,0,0,0,0,0,0,0,40,0,30,0,0,0,20,10,0
1240,1245,0,0,0,0,0,0,0,40,0,20,10,0,0,20,10,0
1245,1250,0,0,0,0,0,0,0,40,0,20,10,0,0,20,10,0
1250,1255,0,0,0,0,0,0,0,60,0,20,10,0,0,10,0,0
1255,1260,0,0,0,0,0,0,0,60,0,20,10,0,0,10,0,0
1260,1265,0,0,0,0,0,0,0,20,0,30,0,0,0,30,20,0
1265,1270,0,0,0,0,0,0,0,20,0,30,0,0,0,30,20,0
1270,1275,0,0,0,0,0,0,0,30,0,20,10,0,0,30,10,0
1275,1280,0,0,0,0,0,0,0,30,0,20,10,0,0,30,10,0
1280,1285,0,0,0,0,0,0,0,10,0,40,0,0,0,30,20,0
1285,1290,0,0,0,0,0,0,0,10,0,40,0,0,0,30,20,0
1290,1295,0,0,0,0,0,0,0,30,0,20,10,0,0,30,10,0
1295,1300,0,0,0,0,0,0,0,30,0,20,10,0,0,30,10,0
1300,1305,0,0,0,0,0,0,0,20,0,30,10,0,0,30,10,0
1305,1310,0,0,0,0,0,0,0,20,0,30,10,0,0,30,10,0
1310,1315,0,0,0,0,0,0,0,20,0,20,10,0,0,40,10,0
1315,1320,0,0,0,0,0,0,0,20,0,20,10,0,0,40,10,0
1320,1325,0,0,0,0,0,0,0,20,0,20,10,0,0,40,10,0
1325,1330,0,0,0,0,0,0,0,50,0,0,10,0,0,30,10,0
1330,1335,0,0,0,0,0,0,0,50,0,0,10,0,0,30,10,0
1335,1340,0,0,0,0,0,0,0,60,0,0,10,0,0,20,10,0
1340,1345,0,0,0,0,0,0,0,60,0,0,10,0,0,20,10,0
1345,1350,0,0,0,0,0,0,0,30,0,20,10,0,0,30,10,0
1350,1355,0,0,0,0,0,0,0,30,0,20,10,0,0,30,10,0
1355,1360,0,0,0,0,0,0,0,30,0,20,10,0,0,30,10,0
1360,1365,0,0,0,0,0,0,0,60,0,0,10,0,0,20,10,0
1365,1370,0,0,0,0,0,0,0,60,0,0,10,0,0,20,10,0
1370,1375,0,0,0,0,0,0,0,30,0,20,10,0,0,30,10,0
1375,1380,0,0,0,0,0,0,0,30,0,20,10,0,0,30,10,0
1380,1385,0,0,0,0,0,0,0,30,0,20,10,0,0,30,10,0
1385,1390,0,0,0,0,0,0,0,30,0,20,10,0,0,30,10,0
1390,1395,0,0,0,0,0,0,0,30,0,20,10,0,0,30,10,0
1395,1400,0,0,0,0,0,0,0,30,0,20,10,0,0,30,10,0
1400,1405,0,0,0,0,0,0,0,30,0,10,20,0,0,10,30,0
1405,1410,0,0,0,0,0,0,0,30,0,10,20,0,0,10,30,0
1410,1415,0,0,0,0,0,0,0,20,0,20,30,0,0,10,20,0
1415,1420,0,0,0,0,0,0,0,20,0,20,30,0,0,10,20,0
1420,1425,0,0,0,0,0,0,0,20,0,20,20,0,0,10,30,0
1425,1430,0,0,0,0,0,0,0,20,0,20,20,0,0,10,30,0
1430,1435,0,0,0,0,0,0,0,30,0,10,30,0,0,10,20,0
1435,1440,0,0,0,0,0,0,0,30,0,10,30,0,0,10,20,0
1440,1445,0,0,0,0,0,0,0,20,0,20,30,0,0,10,20,0
1445,1450,0,0,0,0,0,0,0,20,0,20,30,0,0,10,20,0
1450,1455,0,0,0,0,0,0,0,20,0,10,20,0,0,40,10,0
1455,1460,0,0,0,0,0,0,0,20,0,10,20,0,0,30,20,0
1460,1465,0,0,0,0,0,0,0,20,0,20,20,0,0,20,20,0
1465,1470,0,0,0,0,0,0,0,20,0,20,20,0,0,20,20,0
1470,1475,0,0,0,0,0,0,0,20,0,10,30,0,0,20,20,0
1475,1480,0,0,0,0,0,0,0,20,0,10,30,0,0,20,20,0
1480,1485,0,0,0,0,0,0,0,20,0,20,10,0,0,30,20,0
1485,1490,0,0,0,0,0,0,0,20,0,20,10,0,0,30,20,0
1490,1495,0,0,0,0,0,0,0,40,0,10,20,0,0,10,20,0
1495,1500,0,0,0,0,0,0,0,40,0,10,20,0,0,10,20,0
1500,1505,0,0,0,0,0,0,0,20,0,20,30,0,0,10,20,0
1505,1510,0,0,0,0,0,0,0,20,0,20,30,0,0,10,20,0
1510,1515,0,0,0,0,0,0,0,30,0,10,30,0,0,10,20,0
1515,1520,0,0,0,0,0,0,0,30,0,10,30,0,0,10,20,0
1520,1525,0,0,0,0,0,0,0,20,0,20,30,0,0,10,20,0
1525,1530,0,0,0,0,0,0,0,20,0,20,30,0,0,10,20,0
1530,1535,0,0,0,0,0,0,0,10,0,20,30,0,0,20,20,0
1535,1540,0,0,0,0,0,0,0,10,0,20,30,0,0,20,20,0
1540,1545,0,0,0,0,0,0,0,20,0,10,30,0,0,20,20,0
1545,1550,0,0,0,0,0,0,0,20,0,10,30,0,0,20,20,0
1550,1555,0,0,0,0,0,0,0,20,0,20,30,0,0,20,10,0
1555,1560,0,0,0,0,0,0,0,10,0,30,30,0,0,20,10,0
1560,1565,0,0,0,0,0,0,0,10,0,40,20,0,0,10,20,0
1565,1570,0,0,0,0,0,0,0,20,0,30,30,0,0,10,10,0
1570,1575,0,0,0,0,0,0,0,20,0,30,30,0,0,10,10,0
1575,1580,0,0,0,0,0,0,0,30,0,20,20,0,0,10,20,0
1580,1585,0,0,0,0,0,0,0,20,0,20,20,0,0,10,30,0
1585,1590,0,0,0,0,0,0,0,10,0,30,20,0,0,10,30,0
1590,1595,0,0,0,0,0,0,0,20,0,20,20,0,0,10,30,0
1595,1600,0,0,0,0,0,0,0,20,0,20,20,0,0,10,30,0
1600,1605,0,0,0,0,0,0,0,20,0,20,20,0,0,10,30,0
1605,1610,0,0,0,0,0,0,0,10,0,30,20,0,0,10,30,0
1610,1615,0,0,0,0,0,0,0,10,0,30,20,0,0,10,30,0
1615,1620,0,0,0,0,0,0,0,10,0,20,30,0,0,10,30,0
1620,1625,0,0,0,0,0,0,0,0,0,30,30,0,0,10,30,0
1625,1630,0,0,0,0,0,0,0,0,0,30,20,0,0,10,40,0
1630,1635,0,0,0,0,0,0,0,0,90,0,0,0,0,0,10,0
1635,1640,0,0,0,0,0,0,0,0,90,10,0,0,0,0,0,0
1640,1645,0,0,0,0,0,0,0,0,80,20,0,0,0,0,0,0
1645,1650,0,0,0,0,0,0,0,0,0,40,10,0,0,30,20,0
1650,1655,0,0,0,0,0,0,0,0,0,30,20,0,0,30,20,0
1655,1660,0,0,0,0,0,0,0,0,0,30,10,0,0,30,30,0
1660,1665,0,0,0,0,0,0,0,0,0,40,0,0,0,30,30,0
1665,1670,0,0,0,0,0,0,0,0,0,40,0,0,0,30,30,0
1670,1675,0,0,0,0,0,0,0,0,0,40,0,0,0,30,30,0
1675,1680,0,0,0,0,0,0,0,0,0,40,0,0,0,30,30,0
1680,1685,0,0,0,0,0,0,0,0,0,50,0,0,0,30,20,0
1685,1690,0,0,0,0,0,0,0,0,0,40,0,0,0,30,30,0
1690,1695,0,0,0,0,0,0,0,0,0,50,0,0,0,30,20,0
1695,1700,0,0,0,0,0,0,0,0,0,30,10,0,0,30,30,0
1700,1705,0,0,0,0,0,0,0,0,0,40,0,0,0,30,30,0
1705,1710,0,0,0,0,0,0,0,0,0,30,10,0,0,30,30,0
1710,1715,0,0,0,0,0,0,0,0,0,30,10,0,0,30,30,0
1715,1720,0,0,0,0,0,0,0,0,0,30,10,0,0,30,30,0
1720,1725,0,0,0,0,0,0,0,0,0,30,0,0,0,30,40,0
1725,1730,0,0,0,0,0,0,0,0,0,30,10,0,0,30,30,0
1730,1735,0,0,0,0,0,0,0,0,0,30,0,0,0,30,40,0
1735,1740,0,0,0,0,0,0,0,0,0,30,10,0,0,30,30,0
1740,1745,0,0,0,0,0,0,0,0,0,30,20,0,0,20,30,0
1745,1750,0,0,0,0,0,0,0,0,0,30,10,0,0,30,30,0
1750,1755,0,0,0,0,0,0,0,0,0,30,20,0,0,20,30,0
1755,1760,0,0,0,0,0,0,0,0,0,30,10,0,0,20,40,0
1760,1765,0,0,0,0,0,0,0,0,0,40,0,0,0,30,30,0
1765,1770,0,0,0,0,0,0,0,0,0,40,0,0,0,40,20,0
1770,1775,0,0,0,0,0,0,0,0,0,30,10,0,0,40,20,0
1775,1780,0,0,0,0,0,0,0,0,0,30,10,0,0,40,20,0
1780,1785,0,0,0,0,0,0,0,10,0,30,0,0,0,40,20,0
1785,1790,0,0,0,0,0,0,0,0,0,30,10,0,0,40,20,0
1790,1795,0,0,0,0,0,0,0,10,0,30,0,0,0,40,20,0
1795,1800,0,0,0,0,0,0,0,10,0,30,0,0,0,40,20,0
1800,1805,0,0,0,0,0,0,0,0,0,30,10,0,0,40,20,0
1805,1810,0,0,0,0,0,0,0,10,0,30,0,0,0,40,20,0
1810,1815,0,0,0,0,0,0,0,0,0,30,10,0,0,40,20,0
1815,1820,0,0,0,0,0,0,0,0,0,30,10,0,0,40,20,0
1820,1825,0,0,0,0,0,0,0,0,0,40,0,0,0,40,20,0
1825,1830,0,0,0,0,0,0,0,10,0,30,0,0,0,40,20,0
1830,1835,0,0,0,0,0,0,0,0,0,40,0,0,0,40,20,0
1835,1840,0,0,0,0,0,0,0,10,0,30,0,0,0,40,20,0
1840,1845,0,0,0,0,0,0,0,10,0,30,0,0,0,40,20,0
1845,1850,0,0,0,0,0,0,0,10,0,30,0,0,0,40,20,0
1850,1855,0,0,0,0,0,0,0,10,0,30,0,0,0,40,20,0
1855,1860,0,0,0,0,0,0,0,0,0,40,0,0,0,40,20,0
1860,1865,0,0,0,0,0,0,0,10,0,40,0,0,0,40,10,0
1865,1870,0,0,0,0,0,0,0,0,0,40,0,0,0,40,20,0
1870,1875,0,0,0,0,0,0,0,10,0,40,0,0,0,40,10,0
1875,1880,0,0,0,0,0,0,0,10,0,30,0,0,0,40,20,0
1880,1885,0,0,0,0,0,0,0,10,0,30,0,0,0,40,20,0
1885,1890,0,0,0,0,0,0,0,10,0,30,0,0,0,40,20,0
1890,1895,0,0,0,0,0,0,0,0,0,20,20,0,0,40,20,0
1895,1900,0,0,0,0,0,0,0,0,0,20,20,0,0,40,20,0
1900,1905,0,0,0,0,0,0,0,20,0,20,0,0,0,40,20,0
1905,1910,0,0,0,0,0,0,0,20,0,20,0,0,0,40,20,0
1910,1915,0,0,0,0,0,0,0,10,0,20,0,0,0,40,30,0
1915,1920,0,0,0,0,0,0,0,10,0,20,0,0,0,40,30,0
1920,1925,0,0,0,0,0,0,0,10,0,20,0,0,0,40,30,0
1925,1930,0,0,0,0,0,0,0,10,0,20,0,0,0,40,30,0
1930,1935,0,0,0,0,0,0,0,0,0,20,10,0,0,40,30,0
1935,1940,0,0,0,0,0,0,0,0,0,20,10,0,0,40,30,0
1940,1945,0,0,0,0,0,0,0,0,0,20,10,0,0,40,30,0
1945,1950,0,0,0,0,0,0,0,0,0,20,10,0,0,40,30,0
1950,1955,0,0,0,0,0,0,0,0,0,20,10,0,0,40,30,0
1955,1960,0,0,0,0,0,0,0,0,0,20,10,0,0,40,30,0
1960,1965,0,0,0,0,0,0,0,0,0,20,10,0,0,40,30,0
1965,1970,0,0,0,0,0,0,0,0,0,20,10,0,0,40,30,0
1970,1975,0,0,0,0,0,0,0,0,0,20,20,0,0,30,30,0
1975,1980,0,0,0,0,0,0,0,0,0,20,20,0,0,30,30,0
1980,1985,0,0,0,0,0,0,0,0,0,20,20,0,0,30,30,0
1985,1990,0,0,0,0,0,0,0,0,0,20,20,0,0,30,30,0
1990,1995,0,0,0,0,0,0,0,0,0,20,30,0,0,30,20,0
1995,2000,0,0,0,0,0,0,0,10,0,20,20,0,0,30,20,0
2000,2005,0,10,0,0,0,0,0,30,0,30,0,0,0,20,10,0
2005,2010,0,0,0,0,0,0,0,30,0,30,0,0,0,30,10,0
2010,2015,0,0,0,0,0,0,0,30,0,30,0,0,0,30,10,0
2015,2020,0,0,0,0,0,0,0,30,0,30,0,0,0,30,10,0
2020,2025,0,0,0,0,0,0,0,30,0,30,0,0,0,30,10,0
2025,2030,0,0,0,0,0,0,0,0,0,40,0,0,0,40,20,0
2030,2035,0,0,0,0,0,0,0,20,0,20,0,0,0,50,10,0
2035,2040,0,0,0,0,0,0,0,10,0,30,0,0,0,50,10,0
2040,2045,0,0,0,0,0,0,0,10,0,30,0,0,0,50,10,0
2045,2050,0,0,0,0,0,0,0,20,0,20,0,0,0,50,10,0
2050,2055,0,0,0,0,0,0,0,20,0,20,0,0,0,50,10,0
2055,2060,0,0,0,0,0,0,0,20,0,20,0,0,0,50,10,0
2060,2065,0,0,0,0,0,0,0,30,0,10,0,0,0,50,10,0
2065,2070,0,0,0,0,0,0,0,20,0,20,0,0,0,50,10,0
2070,2075,0,0,0,0,0,0,0,10,0,30,0,0,0,50,10,0
2075,2080,0,0,0,0,0,0,0,20,0,20,0,0,0,50,10,0
2080,2085,0,0,0,0,0,0,0,0,0,20,10,0,0,50,20,0
2085,2090,0,0,0,0,0,0,0,0,0,20,20,0,0,50,10,0
2090,2095,0,0,0,0,0,0,0,0,0,10,20,0,0,40,30,0
2095,2100,0,0,0,0,0,0,0,0,0,10,20,0,0,40,30,0
2100,2105,0,0,0,0,0,0,0,20,0,10,20,0,0,20,30,0
2105,2110,0,0,0,0,0,0,0,10,0,20,20,0,0,20,30,0
2110,2115,0,0,0,0,0,0,0,0,0,20,20,0,0,20,40,0
2115,2120,0,0,0,0,0,0,0,0,0,10,20,0,0,20,50,0
2120,2125,0,0,0,0,0,0,0,0,0,30,20,0,0,20,30,0
2125,2130,0,0,0,0,0,0,0,10,0,20,20,0,0,20,30,0
2130,2135,0,0,0,0,0,0,0,0,0,20,20,0,0,20,40,0
2135,2140,0,0,0,0,0,0,0,0,0,20,20,0,0,20,40,0
2140,2145,0,0,0,0,0,0,0,0,0,40,10,0,0,10,40,0
2145,2150,0,0,0,0,0,0,0,0,0,40,10,0,0,10,40,0
2150,2155,0,0,0,0,0,0,0,0,0,20,20,0,0,10,50,0
2155,2160,0,0,0,0,0,0,0,0,0,20,20,0,0,10,50,0
2160,2165,0,0,0,0,0,0,0,0,0,50,10,0,0,10,30,0
2165,2170,0,0,0,0,0,0,0,0,0,40,10,0,0,0,50,0
2170,2175,0,0,0,0,0,0,0,0,0,40,10,0,0,0,50,0
2175,2180,0,0,0,0,0,0,0,10,0,30,10,0,0,0,50,0
2180,2185,0,0,0,0,0,0,0,10,0,10,20,0,0,20,40,0
2185,2190,0,0,0,0,0,0,0,0,0,20,20,0,0,20,40,0
2190,2195,0,0,0,0,0,0,0,0,0,60,10,0,0,20,10,0
2195,2200,0,0,0,0,0,0,0,0,0,60,10,0,0,20,10,0
2200,2205,0,0,0,0,0,0,0,0,0,30,10,0,0,40,20,0
2205,2210,0,0,0,0,0,0,0,0,0,30,10,0,0,40,20,0
2210,2215,0,0,0,0,0,0,0,0,0,20,20,0,0,40,20,0
2215,2220,0,0,0,0,0,0,0,10,0,10,20,0,0,40,20,0
2220,2225,0,0,0,0,0,0,0,10,0,10,20,0,0,40,20,0
2225,2230,0,0,0,0,0,0,0,0,0,20,20,0,0,40,20,0
2230,2235,0,0,0,0,0,0,0,20,0,30,10,0,0,20,20,0
2235,2240,0,0,0,0,0,0,0,30,0,20,10,0,0,20,20,0
2240,2245,0,0,0,0,0,0,0,20,0,50,10,0,0,10,10,0
2245,2250,0,0,0,0,0,0,0,10,0,60,10,0,0,10,10,0
2250,2255,0,0,0,0,0,0,0,10,0,60,10,0,0,10,10,0
2255,2260,0,0,0,0,0,0,0,10,0,60,10,0,0,10,10,0
2260,2265,0,10,0,0,0,0,0,10,0,30,10,0,0,30,10,0
2265,2270,0,0,0,0,0,0,0,10,0,40,10,0,0,30,10,0
2270,2275,0,0,0,0,0,0,0,0,0,60,10,0,0,20,10,0
2275,2280,0,0,0,0,0,0,0,0,0,40,10,0,0,40,10,0
2280,2285,0,0,0,0,0,0,0,0,0,40,20,0,0,30,10,0
2285,2290,0,0,0,0,0,0,0,20,0,20,20,0,0,30,10,0
2290,2295,0,0,0,0,0,0,0,20,0,40,10,0,0,20,10,0
2295,2300,0,0,0,0,0,0,0,10,0,40,10,0,0,20,20,0
2300,2305,0,0,0,0,0,0,0,20,0,20,10,0,0,20,30,0
2305,2310,0,0,0,0,0,0,0,10,0,40,10,0,0,20,20,0
2310,2315,0,0,0,0,0,0,0,20,0,20,20,0,0,20,20,0
2315,2320,0,0,0,0,0,0,0,10,0,30,20,0,0,20,20,0
2320,2325,0,0,0,0,0,0,0,10,0,30,10,0,0,30,20,0
2325,2330,0,0,0,0,0,0,0,10,0,30,10,0,0,30,20,0
2330,2335,0,0,0,0,0,0,0,10,0,40,20,0,0,10,20,0
2335,2340,0,0,0,0,0,0,0,10,0,40,20,0,0,10,20,0
2340,2345,0,0,0,0,0,0,0,0,0,40,10,0,0,20,30,0
2345,2350,0,0,0,0,0,0,0,10,0,20,10,0,0,20,40,0
2350,2355,0,0,0,0,0,0,0,0,0,30,10,0,0,20,40,0
2355,2360,0,0,0,0,0,0,0,10,0,30,20,0,0,20,20,0
2360,2365,0,0,0,0,0,0,0,10,0,30,20,0,0,20,20,0
2365,2370,0,0,0,0,0,0,0,20,0,30,10,0,0,20,20,0
2370,2375,0,0,0,0,0,0,0,10,0,40,20,0,0,20,10,0
2375,2380,0,0,0,0,0,0,0,20,0,30,20,0,0,20,10,0
2380,2385,0,0,0,0,0,0,0,20,0,30,20,0,0,20,10,0
2385,2390,0,0,0,0,0,0,0,10,0,40,20,0,0,20,10,0
2390,2395,0,0,0,0,0,0,0,20,0,30,20,0,0,10,20,0
2395,2400,0,0,0,0,0,0,0,10,0,40,20,0,0,10,20,0
2400,2405,0,0,0,0,0,0,0,10,0,20,20,0,0,30,20,0
2405,2410,0,0,0,0,0,0,0,10,0,20,20,0,0,30,20,0
2410,2415,0,0,0,0,0,0,0,20,0,10,20,0,0,30,20,0
2415,2420,0,0,0,0,0,0,0,10,0,20,20,0,0,30,20,0
2420,2425,0,0,0,0,0,0,0,20,0,20,20,0,0,20,20,0
2425,2430,0,0,0,0,0,0,0,10,0,30,20,0,0,20,20,0
2430,2435,0,0,0,0,0,0,0,20,0,10,10,0,0,30,30,0
2435,2440,0,0,0,0,0,0,0,10,0,20,10,0,0,30,30,0
2440,2445,0,0,0,0,0,0,0,10,0,30,10,0,0,20,30,0
2445,2450,0,0,0,0,0,0,0,10,0,30,10,0,0,20,30,0
2450,2455,0,0,0,0,0,0,0,20,0,20,10,0,0,30,20,0
2455,2460,0,0,0,0,0,0,0,10,0,30,10,0,0,30,20,0
2460,2465,0,0,0,0,0,0,0,20,0,20,10,0,0,20,30,0
2465,2470,0,0,0,0,0,0,0,10,0,30,10,0,0,20,30,0
2470,2475,0,0,0,0,0,0,0,20,0,20,20,0,0,20,20,0
2475,2480,0,0,0,0,0,0,0,20,0,20,20,0,0,20,20,0
2480,2485,0,0,0,0,0,0,0,30,0,10,20,0,0,20,20,0
2485,2490,0,0,0,0,0,0,0,20,0,20,20,0,0,20,20,0
2490,2495,0,0,0,0,0,0,0,0,0,40,10,0,0,20,30,0
2495,2500,0,0,0,0,0,0,0,0,0,40,10,0,0,20,30,0
2500,2505,0,0,0,0,0,0,0,20,0,20,10,0,0,20,30,0
2505,2510,0,0,0,0,0,0,0,20,0,20,20,0,0,10,30,0
2510,2515,0,0,0,0,0,0,0,0,0,40,20,0,0,10,30,0
2515,2520,0,0,0,0,0,0,0,20,0,20,10,0,0,20,30,0
2520,2525,0,0,0,0,0,0,0,20,0,20,10,0,0,20,30,0
2525,2530,0,0,0,0,0,0,0,0,0,40,10,0,0,20,30,0
2530,2535,0,0,0,0,0,0,0,20,0,20,20,0,0,10,30,0
2535,2540,0,0,0,0,0,0,0,0,0,40,20,0,0,10,30,0
2540,2545,0,0,0,0,0,0,0,0,0,40,20,0,0,10,30,0
2545,2550,0,0,0,0,0,0,0,10,0,30,10,0,0,10,40,0
2550,2555,0,0,0,0,0,0,0,0,0,40,10,0,0,10,40,0
2555,2560,0,0,0,0,0,0,0,20,0,20,20,0,0,10,30,0
2560,2565,0,0,0,0,0,0,0,30,0,10,20,0,0,10,30,0
2565,2570,0,0,0,0,0,0,0,20,0,20,20,0,0,10,30,0
2570,2575,0,0,0,0,0,0,0,20,0,20,10,0,0,40,10,0
2575,2580,0,0,0,0,0,0,0,20,0,20,10,0,0,40,10,0
2580,2585,0,0,0,0,0,0,0,20,0,20,10,0,0,40,10,0
2585,2590,0,0,0,0,0,0,0,20,0,20,10,0,0,40,10,0
2590,2595,0,0,0,0,0,0,0,10,0,50,10,0,0,10,20,0
2595,2600,0,0,0,0,0,0,0,20,0,40,10,0,0,10,20,0
2600,2605,0,0,0,0,0,0,0,20,0,30,10,0,0,20,20,0
2605,2610,0,0,0,0,0,0,0,20,0,30,10,0,0,20,20,0
2610,2615,0,0,0,0,0,0,0,10,0,20,20,0,0,20,30,0
2615,2620,0,0,0,0,0,0,0,10,0,20,20,0,0,20,30,0
2620,2625,0,0,0,0,0,0,0,30,0,40,0,0,0,20,10,0
2625,2630,0,0,0,0,0,0,0,40,0,40,0,0,0,20,0,0
2630,2635,0,0,0,0,0,0,0,30,0,50,0,0,0,20,0,0
2635,2640,0,0,0,0,0,0,0,30,0,50,0,0,0,20,0,0
2640,2645,0,0,0,0,0,0,0,30,0,50,0,0,0,20,0,0
2645,2650,0,0,0,0,0,0,0,30,0,50,0,0,0,20,0,0
2650,2655,0,0,0,0,0,0,0,30,0,50,0,0,0,20,0,0
2655,2660,0,0,0,0,0,0,0,30,0,50,0,0,0,20,0,0
2660,2665,0,0,0,0,0,0,0,10,0,80,0,0,0,10,0,0
2665,2670,0,0,0,0,0,0,0,10,0,80,0,0,0,10,0,0
2670,2675,0,0,0,0,0,0,0,10,0,80,0,0,0,10,0,0
2675,2680,0,0,0,0,0,0,0,10,0,80,0,0,0,10,0,0
2680,2685,0,0,0,0,0,0,0,30,0,60,0,0,0,10,0,0
2685,2690,0,0,0,0,0,0,0,20,0,70,0,0,0,10,0,0
2690,2695,0,0,0,0,0,0,0,10,0,80,0,0,0,10,0,0
2695,2700,0,0,0,0,0,0,0,0,0,90,0,0,0,10,0,0
2700,2705,0,0,0,0,0,0,0,0,0,90,0,0,0,10,0,0
2705,2710,0,0,0,0,0,0,0,10,0,80,0,0,0,10,0,0
2710,2715,0,0,0,0,0,0,0,10,0,80,0,0,0,10,0,0
2715,2720,0,0,0,0,0,0,0,0,0,90,0,0,0,10,0,0
2720,2725,0,0,0,0,0,0,0,10,0,80,0,0,0,10,0,0
2725,2730,0,0,0,0,0,0,0,0,0,90,0,0,0,10,0,0
2730,2735,0,0,0,0,0,0,0,10,0,80,0,0,0,10,0,0
2735,2740,0,0,0,0,0,0,0,20,0,70,0,0,0,10,0,0
2740,2745,0,0,0,0,0,0,0,0,0,90,0,0,0,10,0,0
2745,2750,0,0,0,0,0,0,0,10,0,80,0,0,0,10,0,0
2750,2755,0,0,0,0,0,0,0,10,0,80,0,0,0,10,0,0
2755,2760,0,0,0,0,0,0,0,0,0,90,0,0,0,10,0,0
2760,2765,0,0,0,0,0,0,0,0,0,90,0,0,0,10,0,0
2765,2770,0,0,0,0,0,0,0,10,0,80,0,0,0,10,0,0
2770,2775,0,0,0,0,0,0,0,0,0,90,0,0,0,10,0,0
2775,2780,0,0,0,0,0,0,0,0,0,90,0,0,0,10,0,0
2780,2785,0,0,0,0,0,0,0,0,0,90,0,0,0,10,0,0
2785,2790,0,0,0,0,0,0,0,0,0,90,0,0,0,10,0,0
2790,2795,0,0,0,0,0,0,0,0,0,90,0,0,0,10,0,0
2795,2800,0,0,0,0,0,0,0,30,0,60,0,0,0,10,0,0
2800,2805,0,0,0,0,0,0,0,0,0,90,0,0,0,10,0,0
2805,2810,0,0,0,0,0,0,0,0,0,90,0,0,0,10,0,0
2810,2815,0,0,0,0,0,0,0,0,0,90,0,0,0,10,0,0
2815,2820,0,0,0,0,0,0,0,0,0,90,0,0,0,10,0,0
2820,2825,0,0,0,0,0,0,0,10,0,80,0,0,0,10,0,0
2825,2830,0,0,0,0,0,0,0,0,0,90,0,0,0,10,0,0
2830,2835,0,0,0,0,0,0,0,10,0,80,0,0,0,10,0,0
2835,2840,0,0,0,0,0,0,0,0,0,90,0,0,0,10,0,0
2840,2845,0,0,0,0,0,0,0,10,0,80,0,0,0,10,0,0
2845,2850,0,0,0,0,0,0,0,10,0,80,0,0,0,10,0,0
2850,2855,0,0,0,0,0,0,0,0,0,90,0,0,0,10,0,0
2855,2860,0,0,0,0,0,0,0,10,0,80,0,0,0,10,0,0
2860,2865,0,0,0,0,0,0,0,10,0,80,0,0,0,10,0,0
2865,2870,0,0,0,0,0,0,0,10,0,80,0,0,0,10,0,0
2870,2875,0,0,0,0,0,0,0,10,0,80,0,0,0,10,0,0
2875,2880,0,0,0,0,0,0,0,30,0,60,0,0,0,10,0,0
2880,2885,0,0,0,0,0,0,0,20,0,70,0,0,0,10,0,0
2885,2890,0,0,0,0,0,0,0,10,0,80,0,0,0,10,0,0
2890,2895,0,0,0,0,0,0,0,30,0,60,0,0,0,10,0,0
2895,2900,0,0,0,0,0,0,0,20,0,70,0,0,0,10,0,0
2900,2905,0,0,0,0,0,0,0,10,0,80,0,0,0,10,0,0
2905,2910,0,0,0,0,0,0,0,0,0,90,0,0,0,10,0,0
2910,2915,0,0,0,0,0,0,0,10,0,80,0,0,0,10,0,0
2915,2920,0,0,0,0,0,0,0,10,0,80,0,0,0,10,0,0
2920,2925,0,0,0,0,0,0,0,10,0,80,0,0,0,10,0,0
2925,2930,0,0,0,0,0,0,0,10,0,80,0,0,0,10,0,0
2930,2935,0,0,0,0,0,0,0,20,0,70,0,0,0,10,0,0
2935,2940,0,0,0,0,0,0,0,30,0,60,0,0,0,10,0,0
2940,2945,0,0,0,0,0,0,0,30,0,60,0,0,0,10,0,0
2945,2950,0,0,0,0,0,0,0,10,0,60,0,0,0,30,0,0
2950,2955,0,0,0,0,0,0,0,10,0,60,0,0,0,30,0,0
2955,2960,0,0,0,0,0,0,0,30,0,60,0,0,0,10,0,0
2960,2965,0,0,0,0,0,0,0,30,0,60,0,0,0,10,0,0
2965,2970,0,0,0,0,0,0,0,30,0,70,0,0,0,0,0,0
2970,2975,0,0,0,0,0,0,0,40,0,50,0,0,0,10,0,0
2975,2980,0,0,0,0,0,0,0,30,0,60,0,0,0,10,0,0
2980,2985,0,0,0,0,0,0,0,30,0,60,0,0,0,10,0,0
2985,2990,0,0,0,0,0,0,0,20,0,70,0,0,0,10,0,0
2990,2995,0,0,0,0,0,0,0,30,0,60,0,0,0,10,0,0
2995,3000,0,0,0,0,0,0,0,10,0,80,0,0,0,10,0,0
3000,3005,0,0,0,0,0,0,0,10,0,80,0,0,0,10,0,0
3005,3010,0,0,0,0,0,0,0,30,0,70,0,0,0,0,0,0
3010,3015,0,0,0,0,0,0,0,20,0,80,0,0,0,0,0,0
3015,3020,0,0,0,0,0,0,0,20,0,80,0,0,0,0,0,0
3020,3025,0,0,0,0,0,0,0,30,0,70,0,0,0,0,0,0
3025,3030,0,0,0,0,0,0,0,30,0,70,0,0,0,0,0,0
3030,3035,0,0,0,0,0,0,0,20,0,80,0,0,0,0,0,0
3035,3040,0,0,0,0,0,0,0,10,0,90,0,0,0,0,0,0
3040,3045,0,0,0,0,0,0,0,30,0,70,0,0,0,0,0,0
3045,3050,0,0,0,0,0,0,0,40,0,60,0,0,0,0,0,0
3050,3055,0,0,0,0,0,0,0,30,0,70,0,0,0,0,0,0
3055,3060,0,0,0,0,0,0,0,40,0,60,0,0,0,0,0,0
3060,3065,0,0,0,0,0,0,0,20,0,80,0,0,0,0,0,0
3065,3070,0,0,0,0,0,0,0,30,0,70,0,0,0,0,0,0
3070,3075,0,0,0,0,0,0,0,40,0,60,0,0,0,0,0,0
3075,3080,0,0,0,0,0,0,0,50,0,50,0,0,0,0,0,0
3080,3085,0,0,0,0,0,0,0,50,0,50,0,0,0,0,0,0
3085,3090,0,0,0,0,0,0,0,40,0,60,0,0,0,0,0,0
3090,3095,0,0,0,0,0,0,0,30,0,70,0,0,0,0,0,0
3095,3100,0,0,0,0,0,0,0,40,0,60,0,0,0,0,0,0
3100,3105,0,0,0,0,0,0,0,40,0,60,0,0,0,0,0,0
3105,3110,0,0,0,0,0,0,0,40,0,60,0,0,0,0,0,0
3110,3115,0,0,0,0,0,0,0,30,0,70,0,0,0,0,0,0
3115,3120,0,0,0,0,0,0,0,40,0,60,0,0,0,0,0,0
3120,3125,0,0,0,0,0,0,0,50,0,50,0,0,0,0,0,0
3125,3130,0,0,0,0,0,0,0,30,0,70,0,0,0,0,0,0
3130,3135,0,0,0,0,0,0,0,50,0,50,0,0,0,0,0,0
3135,3140,0,0,0,0,0,0,0,20,0,80,0,0,0,0,0,0
3140,3145,0,0,0,0,0,0,0,30,0,70,0,0,0,0,0,0
3145,3150,0,0,0,0,0,0,0,20,0,80,0,0,0,0,0,0
3150,3155,0,0,0,0,0,0,0,40,0,60,0,0,0,0,0,0
3155,3160,0,0,0,0,0,0,0,40,0,60,0,0,0,0,0,0
3160,3165,0,0,0,0,0,0,0,30,0,70,0,0,0,0,0,0
3165,3170,0,0,0,0,0,0,0,20,0,80,0,0,0,0,0,0
3170,3175,0,0,0,0,0,0,0,40,0,60,0,0,0,0,0,0
3175,3180,0,0,0,0,0,0,0,20,0,80,0,0,0,0,0,0
3180,3185,0,0,0,0,0,0,0,30,0,70,0,0,0,0,0,0
3185,3190,0,0,0,0,0,0,0,20,0,80,0,0,0,0,0,0
3190,3195,0,0,0,0,0,0,0,20,0,80,0,0,0,0,0,0
3195,3200,0,0,0,0,0,0,0,30,0,70,0,0,0,0,0,0
3200,3205,0,0,0,0,0,0,0,30,0,70,0,0,0,0,0,0
3205,3210,0,0,0,0,0,0,0,30,0,70,0,0,0,0,0,0
3210,3215,0,0,0,0,0,0,0,20,0,80,0,0,0,0,0,0
3215,3220,0,0,0,0,0,0,0,30,0,70,0,0,0,0,0,0
3220,3225,0,0,0,0,0,0,0,30,0,70,0,0,0,0,0,0
3225,3230,0,0,0,0,0,0,0,40,0,60,0,0,0,0,0,0
3230,3235,0,0,0,0,0,0,0,30,0,70,0,0,0,0,0,0
3235,3240,0,0,0,0,0,0,10,30,0,60,0,0,0,0,0,0
3240,3245,0,0,0,0,0,0,0,30,0,70,0,0,0,0,0,0
3245,3250,0,0,0,0,0,0,0,20,0,80,0,0,0,0,0,0
3250,3255,0,0,0,0,0,0,0,20,0,80,0,0,0,0,0,0
3255,3260,0,0,0,0,0,0,0,30,0,70,0,0,0,0,0,0
3260,3265,0,0,0,0,0,0,0,20,0,80,0,0,0,0,0,0
3265,3270,0,0,0,0,0,0,0,30,0,70,0,0,0,0,0,0
3270,3275,0,0,0,0,0,0,0,20,0,80,0,0,0,0,0,0
3275,3280,0,0,0,0,0,0,0,20,0,80,0,0,0,0,0,0
3280,3285,0,0,0,0,0,0,0,30,0,60,0,0,0,10,0,0
3285,3290,0,0,0,0,0,0,0,20,0,70,0,0,0,10,0,0
3290,3295,0,0,0,0,0,0,0,30,0,60,0,0,0,10,0,0
3295,3300,0,0,0,0,0,0,0,30,0,60,0,0,0,10,0,0
3300,3305,0,0,0,0,0,0,0,20,0,80,0,0,0,0,0,0
3305,3310,0,0,0,0,0,0,0,30,0,70,0,0,0,0,0,0
3310,3315,0,0,0,0,0,0,0,30,0,70,0,0,0,0,0,0
3315,3320,0,0,0,0,0,0,0,20,0,80,0,0,0,0,0,0
3320,3325,0,0,0,0,0,0,0,40,0,50,0,0,0,10,0,0
3325,3330,0,0,0,0,0,0,0,40,0,50,0,0,0,10,0,0
3330,3335,0,0,0,0,0,0,0,30,0,60,0,0,0,10,0,0
3335,3340,0,0,0,0,0,0,0,20,0,70,0,0,0,10,0,0
3340,3345,0,0,0,0,0,0,0,10,0,80,0,0,0,10,0,0
3345,3350,0,0,0,0,0,0,0,10,0,70,0,0,0,20,0,0
3350,3355,0,0,0,0,0,0,0,20,0,50,0,0,0,30,0,0
3355,3360,0,0,0,0,0,0,0,10,0,60,0,0,0,30,0,0
3360,3365,0,0,0,0,0,0,0,30,0,50,0,0,0,20,0,0
3365,3370,0,0,0,0,0,0,0,30,0,50,0,0,0,20,0,0
3370,3375,0,0,0,0,0,0,0,10,0,60,0,0,0,30,0,0
3375,3380,0,0,0,0,0,0,0,20,0,50,0,0,0,30,0,0
3380,3385,0,0,0,0,0,0,0,20,0,40,0,0,0,30,10,0
3385,3390,0,0,0,0,0,0,0,10,0,50,0,0,0,30,10,0
3390,3395,0,0,0,0,0,0,0,20,0,40,0,0,0,30,10,0
3395,3400,0,0,0,0,0,0,0,20,0,40,0,0,0,30,10,0
3400,3405,0,0,0,0,0,0,0,20,0,40,0,0,0,30,10,0
3405,3410,0,0,0,0,0,0,0,20,0,40,0,0,0,30,10,0
3410,3415,0,0,0,0,0,0,0,20,0,60,0,0,0,20,0,0
3415,3420,0,0,0,0,0,0,0,30,0,50,0,0,0,20,0,0
3420,3425,0,0,0,0,0,0,0,30,0,60,0,0,0,10,0,0
3425,3430,0,0,0,0,0,0,0,30,0,60,0,0,0,10,0,0
3430,3435,0,0,0,0,0,0,0,40,0,50,0,0,0,10,0,0
3435,3440,0,0,0,0,0,0,0,30,0,60,0,0,0,10,0,0
3440,3445,0,0,0,0,0,0,0,40,0,50,0,0,0,10,0,0
3445,3450,0,0,0,0,0,0,0,40,0,50,0,0,0,10,0,0
3450,3455,0,0,0,0,0,0,0,40,0,50,0,0,0,10,0,0
3455,3460,0,0,0,0,0,0,0,30,0,60,0,0,0,10,0,0
3460,3465,0,0,0,0,0,0,0,20,0,70,0,0,0,10,0,0
3465,3470,0,0,0,0,0,0,0,30,0,60,0,0,0,10,0,0
3470,3475,0,0,0,0,0,0,0,30,0,50,0,0,0,20,0,0
3475,3480,0,0,0,0,0,0,0,20,0,60,0,0,0,20,0,0
3480,3485,0,0,0,0,0,0,0,30,0,50,0,0,0,20,0,0
3485,3490,0,0,0,0,0,0,0,20,0,60,0,0,0,20,0,0
3490,3495,0,0,0,0,0,0,0,10,0,70,0,0,0,20,0,0
3495,3500,0,0,0,0,0,0,0,20,0,60,0,0,0,20,0,0
3500,3505,0,0,0,0,0,0,0,20,0,80,0,0,0,0,0,0
3505,3510,0,0,0,0,0,0,0,30,0,70,0,0,0,0,0,0
3510,3515,0,0,0,0,0,0,0,20,0,80,0,0,0,0,0,0
3515,3520,0,0,0,0,0,0,0,30,0,70,0,0,0,0,0,0
3520,3525,0,0,0,0,0,0,0,20,0,80,0,0,0,0,0,0
3525,3530,0,0,0,0,0,0,0,10,0,90,0,0,0,0,0,0
3530,3535,0,0,0,0,0,0,0,20,0,70,0,0,0,10,0,0
3535,3540,0,0,0,0,0,0,0,20,0,70,0,0,0,10,0,0
3540,3545,0,0,0,0,0,0,0,20,0,70,0,0,0,10,0,0
3545,3550,0,0,0,0,0,0,0,10,0,80,0,0,0,10,0,0
3550,3555,0,0,0,0,0,0,0,10,0,80,0,0,0,10,0,0
3555,3560,0,0,0,0,0,0,0,10,0,80,0,0,0,10,0,0
3560,3565,0,0,0,0,0,0,0,0,0,0,0,100,0,0,0,0
3565,3570,0,0,0,0,0,0,0,0,0,0,0,100,0,0,0,0
3570,3575,0,0,0,0,0,0,0,0,0,0,0,100,0,0,0,0
3575,3580,0,0,0,0,0,0,0,0,0,0,0,100,0,0,0,0
3580,3585,0,0,0,0,0,0,0,0,0,0,0,100,0,0,0,0
3585,3590,0,0,0,0,0,0,0,0,0,0,0,100,0,0,0,0
3590,3595,0,0,0,0,0,0,0,0,0,0,0,100,0,0,0,0
3595,3600,0,0,0,0,0,0,0,0,0,0,0,100,0,0,0,0
3600,3605,0,0,0,0,0,0,0,0,0,0,0,100,0,0,0,0
3605,3610,0,0,0,0,0,0,0,0,0,0,0,100,0,0,0,0
3610,3615,0,0,0,0,0,0,0,0,0,0,0,100,0,0,0,0
3615,3620,0,0,0,0,0,0,0,0,0,0,0,100,0,0,0,0
3620,3625,0,0,0,0,0,0,0,0,0,0,0,100,0,0,0,0
3625,3630,0,0,0,0,0,0,0,0,0,0,0,100,0,0,0,0
3630,3635,0,0,0,0,0,0,0,0,0,0,0,100,0,0,0,0
3635,3640,0,0,0,0,0,0,0,0,0,0,0,100,0,0,0,0
3640,3645,0,0,0,0,0,0,0,0,0,0,0,100,0,0,0,0
3645,3650,0,0,0,0,0,0,0,0,0,0,0,100,0,0,0,0
3650,3655,0,0,0,0,0,0,0,10,0,0,0,90,0,0,0,0
3655,3660,0,0,0,0,0,0,0,10,0,0,0,90,0,0,0,0
3660,3665,0,0,0,0,0,0,0,10,0,0,0,90,0,0,0,0
3665,3670,0,0,0,0,0,0,0,0,0,0,0,100,0,0,0,0
3670,3675,0,0,0,0,0,0,0,0,0,0,0,100,0,0,0,0
3675,3680,0,0,0,0,0,0,0,10,0,0,0,90,0,0,0,0
3680,3685,0,0,0,0,0,0,0,10,0,0,0,90,0,0,0,0
3685,3690,0,0,0,0,0,0,0,0,0,0,0,100,0,0,0,0
3690,3695,0,0,0,0,0,0,0,0,0,0,0,100,0,0,0,0
3695,3700,0,0,0,0,0,0,0,0,0,0,0,100,0,0,0,0
3700,3705,0,0,0,0,0,0,0,0,0,0,0,100,0,0,0,0
3705,3710,0,0,0,0,0,0,0,10,0,0,0,90,0,0,0,0
3710,3715,0,0,0,0,0,0,0,20,0,0,0,80,0,0,0,0
3715,3720,0,0,0,0,0,0,0,30,0,0,0,70,0,0,0,0
3720,3725,0,0,0,0,0,0,0,20,0,0,0,80,0,0,0,0
3725,3730,0,0,0,0,0,0,0,0,0,0,0,100,0,0,0,0
3730,3735,0,0,0,0,0,0,0,0,0,0,0,100,0,0,0,0
3735,3740,0,0,0,0,0,0,0,0,0,0,0,100,0,0,0,0
3740,3745,0,0,0,0,0,0,0,10,0,0,0,90,0,0,0,0
3745,3750,0,0,0,0,0,0,0,30,0,0,0,70,0,0,0,0
3750,3755,0,0,0,0,0,0,0,30,0,0,0,70,0,0,0,0
3755,3760,0,0,0,0,0,0,0,10,0,0,0,90,0,0,0,0
3760,3765,0,0,0,0,0,0,0,0,0,0,0,100,0,0,0,0
3765,3770,0,0,0,0,0,0,0,0,0,0,0,100,0,0,0,0
3770,3775,0,0,0,0,0,0,0,0,0,0,0,100,0,0,0,0
3775,3780,0,0,0,0,0,0,0,0,0,0,0,100,0,0,0,0
3780,3785,0,0,0,0,0,0,0,0,0,0,0,100,0,0,0,0
3785,3790,0,0,0,0,0,0,0,0,0,0,0,100,0,0,0,0
3790,3795,0,0,0,0,0,0,0,0,0,0,0,100,0,0,0,0
3795,3800,0,0,0,0,0,0,0,0,0,0,0,100,0,0,0,0
3800,3805,0,0,0,0,0,0,0,0,0,0,0,100,0,0,0,0
3805,3810,0,0,0,0,0,0,0,0,0,0,0,100,0,0,0,0
3810,3815,0,0,0,0,0,0,0,10,0,0,0,90,0,0,0,0
3815,3820,0,0,0,0,0,0,0,10,0,0,0,90,0,0,0,0
3820,3825,0,0,0,0,0,0,0,20,0,0,0,80,0,0,0,0
3825,3830,0,0,0,0,0,0,0,10,0,0,0,90,0,0,0,0
3830,3835,0,0,0,0,0,0,0,20,0,0,0,80,0,0,0,0
3835,3840,0,0,0,0,0,0,0,10,0,0,0,90,0,0,0,0
3840,3845,0,0,0,0,0,0,0,20,0,0,0,80,0,0,0,0
3845,3850,0,0,0,0,0,0,0,20,0,0,0,80,0,0,0,0
3850,3855,0,0,0,0,0,0,0,20,0,0,0,80,0,0,0,0
3855,3860,0,0,0,0,0,0,0,30,0,0,0,70,0,0,0,0
3860,3865,0,0,0,0,0,0,0,30,0,0,0,70,0,0,0,0
3865,3870,0,0,0,0,0,0,0,20,0,0,0,80,0,0,0,0
3870,3875,0,0,0,0,0,0,0,30,0,0,0,70,0,0,0,0
3875,3880,0,0,0,0,0,0,0,20,0,0,0,80,0,0,0,0
3880,3885,0,0,0,0,0,0,0,30,0,0,0,70,0,0,0,0
3885,3890,0,0,0,0,0,0,0,20,0,0,0,80,0,0,0,0
3890,3895,0,0,0,0,0,0,0,20,0,0,0,80,0,0,0,0
3895,3900,0,0,0,0,0,0,0,30,0,0,0,70,0,0,0,0
3900,3905,0,0,0,0,0,0,0,20,0,0,0,80,0,0,0,0
3905,3910,0,0,0,0,0,0,0,20,0,0,0,80,0,0,0,0
3910,3915,0,0,0,0,0,0,0,10,0,0,0,90,0,0,0,0
3915,3920,0,0,0,0,0,0,0,20,0,0,0,80,0,0,0,0
3920,3925,0,0,0,0,0,0,0,30,0,0,0,70,0,0,0,0
3925,3930,0,0,0,0,0,0,0,40,0,0,0,60,0,0,0,0
3930,3935,0,0,0,0,0,0,0,30,0,0,0,70,0,0,0,0
3935,3940,0,0,0,0,0,0,0,20,0,0,0,80,0,0,0,0
3940,3945,0,0,0,0,0,0,0,40,0,0,0,60,0,0,0,0
3945,3950,0,0,0,0,0,0,0,40,0,0,0,60,0,0,0,0
3950,3955,0,0,0,0,0,0,0,30,0,0,0,70,0,0,0,0
3955,3960,0,0,0,0,0,0,0,30,0,0,0,70,0,0,0,0
3960,3965,0,0,0,0,0,0,0,40,0,0,0,60,0,0,0,0
3965,3970,0,0,0,0,0,0,0,30,0,0,0,70,0,0,0,0
3970,3975,0,0,0,0,0,0,0,40,0,0,0,60,0,0,0,0
3975,3980,0,0,0,0,0,0,0,20,0,0,0,80,0,0,0,0
3980,3985,0,0,0,0,0,0,0,20,0,0,0,80,0,0,0,0
3985,3990,0,0,0,0,0,0,0,10,0,0,0,90,0,0,0,0
3990,3995,0,0,0,0,0,0,0,20,0,0,0,80,0,0,0,0
3995,4000,0,0,0,0,0,0,0,20,0,0,0,80,0,0,0,0
4000,4005,0,0,0,0,0,0,0,20,0,0,0,80,0,0,0,0
4005,4010,0,0,0,0,0,0,0,40,0,0,0,60,0,0,0,0
4010,4015,0,0,0,0,0,0,0,20,0,0,0,80,0,0,0,0
4015,4020,0,0,0,0,0,0,0,40,0,0,0,60,0,0,0,0
4020,4025,0,0,0,0,0,0,0,40,0,0,0,60,0,0,0,0
4025,4030,0,0,0,0,0,0,0,50,0,0,0,50,0,0,0,0
4030,4035,0,0,0,0,0,0,0,20,0,0,0,80,0,0,0,0
4035,4040,0,0,0,0,0,0,0,30,0,0,0,70,0,0,0,0
4040,4045,0,0,0,0,0,0,0,20,0,0,0,80,0,0,0,0
4045,4050,0,0,0,0,0,0,0,40,0,0,0,60,0,0,0,0
4050,4055,0,0,0,0,0,0,0,20,0,0,0,80,0,0,0,0
4055,4060,0,0,0,0,0,0,0,20,0,0,0,80,0,0,0,0
4060,4065,0,0,0,0,0,0,0,40,0,0,0,60,0,0,0,0
4065,4070,0,0,0,0,0,0,0,30,0,0,0,70,0,0,0,0
4070,4075,0,0,0,0,0,0,0,30,0,0,0,70,0,0,0,0
4075,4080,0,0,0,0,0,0,0,30,0,0,0,70,0,0,0,0
4080,4085,0,0,0,0,0,0,0,40,0,0,0,60,0,0,0,0
4085,4090,0,0,0,0,0,0,0,30,0,0,0,70,0,0,0,0
4090,4095,0,0,0,0,0,0,0,30,0,20,0,50,0,0,0,0
4095,4100,0,0,0,0,0,0,0,40,0,40,0,20,0,0,0,0
4100,4105,0,0,0,0,0,0,0,60,0,30,0,10,0,0,0,0
4105,4110,0,0,0,0,0,0,0,60,0,30,0,10,0,0,0,0
4110,4115,0,0,0,0,0,0,0,50,0,50,0,0,0,0,0,0
4115,4120,0,0,0,0,0,0,0,50,0,50,0,0,0,0,0,0
4120,4125,0,0,0,0,0,0,0,40,0,60,0,0,0,0,0,0
4125,4130,0,0,0,0,0,0,0,50,0,50,0,0,0,0,0,0
4130,4135,0,0,0,0,0,0,0,40,0,60,0,0,0,0,0,0
4135,4140,0,0,0,0,0,0,0,30,0,70,0,0,0,0,0,0
4140,4145,0,0,0,0,0,0,0,10,0,90,0,0,0,0,0,0
4145,4150,0,0,0,0,0,0,0,30,0,70,0,0,0,0,0,0
4150,4155,0,0,0,0,0,0,0,40,0,60,0,0,0,0,0,0
4155,4160,0,0,0,0,0,0,0,20,0,80,0,0,0,0,0,0
4160,4165,0,0,0,0,0,0,0,40,0,60,0,0,0,0,0,0
4165,4170,0,0,0,0,0,0,0,30,0,70,0,0,0,0,0,0
4170,4175,0,0,0,0,0,0,0,40,0,60,0,0,0,0,0,0
4175,4180,0,0,0,0,0,0,0,50,0,50,0,0,0,0,0,0
4180,4185,0,0,0,0,0,0,0,50,0,50,0,0,0,0,0,0
4185,4190,0,0,0,0,0,0,0,40,0,60,0,0,0,0,0,0
4190,4195,0,0,0,0,0,0,0,30,0,70,0,0,0,0,0,0
4195,4200,0,0,0,0,0,0,0,70,0,30,0,0,0,0,0,0
4200,4205,0,0,0,0,0,0,0,60,0,40,0,0,0,0,0,0
4205,4210,0,0,0,0,0,0,0,40,0,60,0,0,0,0,0,0
4210,4215,0,0,0,0,0,0,0,60,0,40,0,0,0,0,0,0
4215,4220,0,0,0,0,0,0,0,70,0,30,0,0,0,0,0,0
4220,4225,0,0,0,0,0,0,0,60,0,40,0,0,0,0,0,0
4225,4230,0,0,0,0,0,0,0,70,0,30,0,0,0,0,0,0
4230,4235,0,0,0,0,0,0,0,70,0,30,0,0,0,0,0,0
4235,4240,0,0,0,0,0,0,0,70,0,30,0,0,0,0,0,0
4240,4245,0,0,0,0,0,0,0,60,0,40,0,0,0,0,0,0
4245,4250,0,0,0,0,0,0,0,60,0,40,0,0,0,0,0,0
4250,4255,0,0,0,0,0,0,0,60,0,40,0,0,0,0,0,0
4255,4260,0,0,0,0,0,0,0,60,0,40,0,0,0,0,0,0
4260,4265,0,0,0,0,0,0,0,70,0,30,0,0,0,0,0,0
4265,4270,0,0,0,0,0,0,0,50,0,50,0,0,0,0,0,0
4270,4275,0,0,0,0,0,0,0,70,0,30,0,0,0,0,0,0
4275,4280,0,0,0,0,0,0,0,70,0,30,0,0,0,0,0,0
4280,4285,0,0,0,0,0,0,0,60,0,40,0,0,0,0,0,0
4285,4290,0,0,0,0,0,0,0,70,0,30,0,0,0,0,0,0
4290,4295,0,0,0,0,0,0,0,60,0,40,0,0,0,0,0,0
4295,4300,0,0,0,0,0,0,0,70,0,20,0,10,0,0,0,0
4300,4305,0,0,0,0,0,0,0,50,0,30,0,20,0,0,0,0
4305,4310,0,0,0,0,0,0,0,70,0,0,0,30,0,0,0,0
4310,4315,0,0,0,0,0,0,0,60,0,0,0,40,0,0,0,0
4315,4320,0,0,0,0,0,0,0,50,0,0,0,50,0,0,0,0
4320,4325,0,0,0,0,0,0,0,50,0,0,0,50,0,0,0,0
4325,4330,0,0,0,0,0,0,0,50,0,0,0,50,0,0,0,0
4330,4335,0,0,0,0,0,0,0,60,0,0,0,40,0,0,0,0
4335,4340,0,0,0,0,0,0,0,50,0,0,0,50,0,0,0,0
4340,4345,0,0,0,0,0,0,0,40,0,0,0,60,0,0,0,0
4345,4350,0,0,0,0,0,0,0,50,0,0,0,50,0,0,0,0
4350,4355,0,0,0,0,0,0,0,30,0,0,0,70,0,0,0,0
4355,4360,0,0,0,0,0,0,0,30,0,0,0,70,0,0,0,0
4360,4365,0,0,0,0,0,0,0,20,0,0,0,80,0,0,0,0
4365,4370,0,0,0,0,0,0,0,10,0,0,0,90,0,0,0,0
4370,4375,0,0,0,0,0,0,0,10,0,0,0,90,0,0,0,0
4375,4380,0,0,0,0,0,0,0,20,0,0,0,80,0,0,0,0
4380,4385,0,0,0,0,0,0,0,20,0,0,0,80,0,0,0,0
4385,4390,0,0,0,0,0,0,0,20,0,0,0,80,0,0,0,0
4390,4395,0,0,0,0,0,0,0,10,0,0,0,90,0,0,0,0
4395,4400,0,0,0,0,0,0,0,10,0,0,0,90,0,0,0,0
4400,4405,0,0,0,0,0,0,0,20,0,0,0,80,0,0,0,0
4405,4410,0,0,0,0,0,0,0,20,0,0,0,80,0,0,0,0
4410,4415,0,0,0,0,0,0,0,10,0,0,0,90,0,0,0,0
4415,4420,0,0,0,0,0,0,0,10,0,0,0,90,0,0,0,0
4420,4425,0,0,0,0,0,0,0,20,0,0,0,80,0,0,0,0
4425,4430,0,0,0,0,0,0,0,20,0,0,0,80,0,0,0,0
4430,4435,0,0,0,0,0,0,0,30,0,0,0,70,0,0,0,0
4435,4440,0,0,0,0,0,0,0,40,0,0,0,60,0,0,0,0
4440,4445,0,0,0,0,0,0,0,30,0,0,0,70,0,0,0,0
4445,4450,0,0,0,0,0,0,0,20,0,0,0,80,0,0,0,0
4450,4455,0,0,0,0,0,0,0,20,0,0,0,80,0,0,0,0
4455,4460,0,0,0,0,0,0,0,30,0,0,0,70,0,0,0,0
4460,4465,0,0,0,0,0,0,0,20,0,0,0,80,0,0,0,0
4465,4470,0,0,0,0,0,0,0,0,0,0,0,100,0,0,0,0
4470,4475,0,0,0,0,0,0,0,0,0,0,0,100,0,0,0,0
4475,4480,0,0,0,0,0,0,0,0,0,0,0,100,0,0,0,0
4480,4485,0,0,0,0,0,0,0,0,0,0,0,100,0,0,0,0
4485,4490,0,0,0,0,0,0,0,0,0,0,0,100,0,0,0,0
4490,4495,0,0,0,0,0,0,0,0,0,0,0,100,0,0,0,0
4495,4500,0,0,0,0,0,0,0,0,0,0,0,100,0,0,0,0
4500,4505,0,0,0,0,0,0,0,0,0,0,0,100,0,0,0,0
4505,4510,0,0,0,0,0,0,0,0,0,0,0,100,0,0,0,0
4510,4515,20,0,0,0,0,0,0,0,0,0,0,80,0,0,0,0
4515,4520,30,0,0,0,0,0,0,0,0,0,0,40,30,0,0,0
4520,4525,0,0,0,0,0,0,0,0,0,0,0,0,100,0,0,0
4525,4530,0,0,0,0,0,0,0,0,0,0,0,0,100,0,0,0
4530,4535,0,0,0,0,0,0,0,0,0,0,0,0,100,0,0,0
4535,4540,0,0,0,0,0,0,0,0,0,0,0,0,100,0,0,0
4540,4545,0,0,0,0,0,0,0,0,0,0,0,0,100,0,0,0
4545,4550,0,0,0,0,0,0,0,0,0,0,0,0,100,0,0,0
4550,4555,0,0,0,0,0,0,0,0,0,0,0,0,100,0,0,0
4555,4560,0,0,0,0,0,0,0,0,0,0,0,0,100,0,0,0
4560,4565,0,0,0,0,0,0,0,0,0,0,0,0,100,0,0,0
4565,4570,0,0,0,0,0,0,0,0,0,0,0,0,100,0,0,0
4570,4575,0,0,0,0,0,0,0,0,0,0,0,0,100,0,0,0
4575,4580,0,0,0,0,0,0,0,0,0,0,0,0,100,0,0,0
4580,4585,0,0,0,0,0,0,0,0,0,0,0,0,100,0,0,0
4585,4590,0,0,0,0,0,0,0,0,0,0,0,0,100,0,0,0
4590,4595,0,0,0,0,0,0,0,0,0,0,0,0,100,0,0,0
4595,4600,0,0,0,0,0,0,0,0,0,0,0,0,100,0,0,0
4600,4605,0,0,0,0,0,0,0,0,0,0,0,0,100,0,0,0
4605,4610,0,0,0,0,0,0,0,0,0,0,0,0,100,0,0,0
4610,4615,0,0,0,0,0,0,0,0,0,0,0,0,100,0,0,0
4615,4620,0,0,0,0,0,0,0,0,0,0,0,0,100,0,0,0
4620,4625,0,0,0,0,0,0,0,0,0,0,0,0,100,0,0,0
4625,4630,0,0,0,0,0,0,0,0,0,0,0,0,100,0,0,0
4630,4635,0,0,0,0,0,0,0,0,0,0,0,0,100,0,0,0
4635,4640,0,0,0,0,0,0,0,0,0,0,0,0,100,0,0,0
4640,4645,0,0,0,0,0,0,0,0,0,0,0,0,100,0,0,0
4645,4650,0,0,0,0,0,0,0,0,0,0,0,0,100,0,0,0
4650,4655,0,0,0,0,0,0,0,0,0,0,0,0,100,0,0,0
4655,4660,0,0,0,0,0,0,0,0,0,0,0,0,100,0,0,0
4660,4665,0,0,0,0,0,0,0,0,0,0,0,0,100,0,0,0
4665,4670,0,0,0,0,0,0,0,0,0,0,0,0,100,0,0,0
4670,4675,0,0,0,0,0,0,0,0,0,0,0,0,100,0,0,0
4675,4680,0,0,0,0,0,0,0,0,0,0,0,0,100,0,0,0
4680,4685,0,0,0,0,0,0,0,0,0,0,0,0,100,0,0,0
4685,4690,0,0,0,0,0,0,0,0,0,0,0,0,100,0,0,0
4690,4695,0,0,0,0,0,0,0,0,0,0,0,0,100,0,0,0
4695,4700,0,0,0,0,0,0,0,0,0,0,0,0,100,0,0,0
4700,4705,0,0,0,0,0,0,0,0,0,0,0,0,100,0,0,0
4705,4710,0,0,0,0,0,0,0,0,0,0,0,0,100,0,0,0
4710,4715,0,0,0,0,0,0,0,0,0,0,0,0,100,0,0,0
4715,4720,0,0,0,0,0,0,0,0,0,0,0,0,100,0,0,0
4720,4725,0,0,0,0,0,0,0,0,0,0,0,0,100,0,0,0
4725,4730,0,0,0,0,0,0,0,0,0,0,0,0,100,0,0,0
4730,4735,0,0,0,0,0,0,0,0,0,0,0,0,100,0,0,0
4735,4740,0,0,0,0,0,0,0,0,0,0,0,0,100,0,0,0
4740,4745,0,0,0,0,0,0,0,0,0,0,0,0,100,0,0,0
4745,4750,0,0,0,0,0,0,0,0,0,0,0,0,100,0,0,0
4750,4755,0,0,0,0,0,0,0,0,0,0,0,0,100,0,0,0
4755,4760,0,0,0,0,0,0,0,0,0,0,0,0,100,0,0,0
4760,4765,0,0,0,0,0,0,0,0,0,0,0,0,100,0,0,0
4765,4770,0,0,0,0,0,0,0,0,0,0,0,0,100,0,0,0
4770,4775,0,0,0,0,0,0,0,0,0,0,0,0,100,0,0,0
4775,4780,0,0,0,0,0,0,0,0,0,0,0,0,100,0,0,0
4780,4785,0,0,0,0,0,0,0,0,0,0,0,0,100,0,0,0
4785,4790,0,0,0,0,0,0,0,0,0,0,0,0,100,0,0,0
4790,4795,0,0,0,0,0,0,0,0,0,0,0,0,100,0,0,0
4795,4800,0,0,0,0,0,0,0,0,0,0,0,0,100,0,0,0
4800,4805,0,0,0,0,0,0,0,0,0,0,0,0,100,0,0,0
4805,4810,0,0,0,0,0,0,0,0,0,0,0,0,100,0,0,0
4810,4815,0,0,0,0,0,0,0,20,0,0,0,0,80,0,0,0
4815,4820,0,0,0,0,0,0,0,20,0,0,0,0,80,0,0,0
4820,4825,0,0,0,0,0,0,0,20,0,0,0,0,80,0,0,0
4825,4830,0,0,0,0,0,0,0,20,0,0,0,0,80,0,0,0
4830,4835,0,0,0,0,0,0,0,30,0,0,0,0,70,0,0,0
4835,4840,0,0,0,0,0,0,0,20,0,0,0,0,80,0,0,0
4840,4845,0,0,0,0,0,0,0,30,0,0,0,0,70,0,0,0
4845,4850,0,0,0,0,0,0,0,30,0,0,0,0,70,0,0,0
4850,4855,0,0,0,0,10,0,0,30,0,0,0,0,60,0,0,0
4855,4860,0,0,0,0,20,0,0,30,0,0,0,0,50,0,0,0
4860,4865,0,0,0,0,30,0,0,20,0,0,0,0,50,0,0,0
4865,4870,0,0,0,0,40,0,0,20,0,0,0,0,40,0,0,0
4870,4875,0,0,0,0,60,0,0,20,0,0,0,0,20,0,0,0
4875,4880,0,0,0,0,70,0,0,30,0,0,0,0,0,0,0,0
4880,4885,0,0,0,0,70,0,0,30,0,0,0,0,0,0,0,0
4885,4890,0,0,0,0,80,0,0,20,0,0,0,0,0,0,0,0
4890,4895,0,0,0,0,80,0,0,20,0,0,0,0,0,0,0,0
4895,4900,0,0,0,0,70,0,0,30,0,0,0,0,0,0,0,0
4900,4905,0,0,0,0,80,0,0,20,0,0,0,0,0,0,0,0
4905,4910,0,0,0,0,70,0,0,30,0,0,0,0,0,0,0,0
4910,4915,0,0,0,0,80,0,0,20,0,0,0,0,0,0,0,0
4915,4920,0,0,0,0,90,0,0,10,0,0,0,0,0,0,0,0
4920,4925,0,0,0,0,70,0,0,30,0,0,0,0,0,0,0,0
4925,4930,0,0,0,0,80,0,0,20,0,0,0,0,0,0,0,0
4930,4935,0,0,0,0,80,0,0,20,0,0,0,0,0,0,0,0
4935,4940,0,0,0,0,80,0,0,20,0,0,0,0,0,0,0,0
4940,4945,0,0,0,0,60,0,0,40,0,0,0,0,0,0,0,0
4945,4950,0,0,0,0,50,0,0,50,0,0,0,0,0,0,0,0
4950,4955,0,0,0,0,60,0,0,40,0,0,0,0,0,0,0,0
4955,4960,0,0,0,0,70,0,0,30,0,0,0,0,0,0,0,0
4960,4965,0,0,0,0,70,0,0,30,0,0,0,0,0,0,0,0
4965,4970,0,0,0,0,90,0,0,10,0,0,0,0,0,0,0,0
4970,4975,0,0,0,0,90,0,0,10,0,0,0,0,0,0,0,0
4975,4980,0,0,0,0,90,0,0,10,0,0,0,0,0,0,0,0
4980,4985,0,0,0,0,90,0,0,10,0,0,0,0,0,0,0,0
4985,4990,0,0,0,0,90,0,0,10,0,0,0,0,0,0,0,0
4990,4995,0,0,0,0,90,0,0,10,0,0,0,0,0,0,0,0
4995,5000,0,0,0,0,80,0,0,20,0,0,0,0,0,0,0,0
5000,5005,0,0,0,0,80,0,0,20,0,0,0,0,0,0,0,0
5005,5010,0,0,0,0,90,0,0,10,0,0,0,0,0,0,0,0
5010,5015,0,0,0,0,90,0,0,10,0,0,0,0,0,0,0,0
5015,5020,0,0,0,0,90,0,0,10,0,0,0,0,0,0,0,0
5020,5025,0,70,0,0,20,0,0,10,0,0,0,0,0,0,0,0
5025,5030,0,100,0,0,0,0,0,0,0,0,0,0,0,0,0,0
5030,5035,0,100,0,0,0,0,0,0,0,0,0,0,0,0,0,0
5035,5040,0,100,0,0,0,0,0,0,0,0,0,0,0,0,0,0
5040,5045,0,100,0,0,0,0,0,0,0,0,0,0,0,0,0,0
5045,5050,0,100,0,0,0,0,0,0,0,0,0,0,0,0,0,0
5050,5055,0,100,0,0,0,0,0,0,0,0,0,0,0,0,0,0
5055,5060,0,100,0,0,0,0,0,0,0,0,0,0,0,0,0,0
5060,5065,0,100,0,0,0,0,0,0,0,0,0,0,0,0,0,0
5065,5070,0,100,0,0,0,0,0,0,0,0,0,0,0,0,0,0
5070,5075,0,100,0,0,0,0,0,0,0,0,0,0,0,0,0,0
5075,5080,0,100,0,0,0,0,0,0,0,0,0,0,0,0,0,0
5080,5085,0,100,0,0,0,0,0,0,0,0,0,0,0,0,0,0
5085,5090,0,100,0,0,0,0,0,0,0,0,0,0,0,0,0,0
5090,5095,0,100,0,0,0,0,0,0,0,0,0,0,0,0,0,0
5095,5100,0,100,0,0,0,0,0,0,0,0,0,0,0,0,0,0
5100,5105,0,100,0,0,0,0,0,0,0,0,0,0,0,0,0,0
5105,5110,0,100,0,0,0,0,0,0,0,0,0,0,0,0,0,0
5110,5115,0,100,0,0,0,0,0,0,0,0,0,0,0,0,0,0
5115,5120,0,100,0,0,0,0,0,0,0,0,0,0,0,0,0,0
5120,5125,0,100,0,0,0,0,0,0,0,0,0,0,0,0,0,0
5125,5130,0,80,0,0,20,0,0,0,0,0,0,0,0,0,0,0
5130,5135,0,70,0,0,30,0,0,0,0,0,0,0,0,0,0,0
5135,5140,0,50,0,0,50,0,0,0,0,0,0,0,0,0,0,0
5140,5145,0,20,0,0,80,0,0,0,0,0,0,0,0,0,0,0
5145,5150,0,10,0,0,90,0,0,0,0,0,0,0,0,0,0,0
5150,5155,0,10,0,0,90,0,0,0,0,0,0,0,0,0,0,0
5155,5160,0,10,0,0,90,0,0,0,0,0,0,0,0,0,0,0
5160,5165,0,0,0,0,100,0,0,0,0,0,0,0,0,0,0,0
5165,5170,0,0,0,0,100,0,0,0,0,0,0,0,0,0,0,0
5170,5175,0,0,0,0,100,0,0,0,0,0,0,0,0,0,0,0
5175,5180,0,0,0,0,100,0,0,0,0,0,0,0,0,0,0,0
5180,5185,0,0,0,0,100,0,0,0,0,0,0,0,0,0,0,0
5185,5190,0,0,80,0,20,0,0,0,0,0,0,0,0,0,0,0
5190,5195,0,0,100,0,0,0,0,0,0,0,0,0,0,0,0,0
5195,5200,0,0,100,0,0,0,0,0,0,0,0,0,0,0,0,0
5200,5205,0,0,100,0,0,0,0,0,0,0,0,0,0,0,0,0
5205,5210,0,0,100,0,0,0,0,0,0,0,0,0,0,0,0,0
5210,5215,0,0,50,0,50,0,0,0,0,0,0,0,0,0,0,0
5215,5220,0,0,20,0,80,0,0,0,0,0,0,0,0,0,0,0
5220,5225,0,0,60,0,40,0,0,0,0,0,0,0,0,0,0,0
5225,5230,0,0,100,0,0,0,0,0,0,0,0,0,0,0,0,0
5230,5235,0,0,100,0,0,0,0,0,0,0,0,0,0,0,0,0
5235,5240,0,0,100,0,0,0,0,0,0,0,0,0,0,0,0,0
5240,5245,0,0,100,0,0,0,0,0,0,0,0,0,0,0,0,0
5245,5250,0,0,100,0,0,0,0,0,0,0,0,0,0,0,0,0
5250,5255,0,0,100,0,0,0,0,0,0,0,0,0,0,0,0,0
5255,5260,0,0,100,0,0,0,0,0,0,0,0,0,0,0,0,0
5260,5265,0,0,100,0,0,0,0,0,0,0,0,0,0,0,0,0
5265,5270,0,0,100,0,0,0,0,0,0,0,0,0,0,0,0,0
5270,5275,0,0,100,0,0,0,0,0,0,0,0,0,0,0,0,0
5275,5280,0,0,100,0,0,0,0,0,0,0,0,0,0,0,0,0
5280,5285,0,0,100,0,0,0,0,0,0,0,0,0,0,0,0,0
5285,5290,0,0,100,0,0,0,0,0,0,0,0,0,0,0,0,0
5290,5295,0,0,100,0,0,0,0,0,0,0,0,0,0,0,0,0
5295,5300,0,0,100,0,0,0,0,0,0,0,0,0,0,0,0,0
5300,5305,0,0,100,0,0,0,0,0,0,0,0,0,0,0,0,0
5305,5310,0,0,100,0,0,0,0,0,0,0,0,0,0,0,0,0
5310,5315,0,0,100,0,0,0,0,0,0,0,0,0,0,0,0,0
5315,5320,0,0,100,0,0,0,0,0,0,0,0,0,0,0,0,0
5320,5325,0,0,40,0,60,0,0,0,0,0,0,0,0,0,0,0
5325,5330,0,0,0,0,100,0,0,0,0,0,0,0,0,0,0,0
5330,5335,0,0,50,0,50,0,0,0,0,0,0,0,0,0,0,0
5335,5340,0,0,100,0,0,0,0,0,0,0,0,0,0,0,0,0
5340,5345,0,0,30,0,70,0,0,0,0,0,0,0,0,0,0,0
5345,5350,0,0,0,0,100,0,0,0,0,0,0,0,0,0,0,0
5350,5355,0,0,0,0,100,0,0,0,0,0,0,0,0,0,0,0
5355,5360,0,0,0,0,100,0,0,0,0,0,0,0,0,0,0,0
5360,5365,0,0,0,0,100,0,0,0,0,0,0,0,0,0,0,0
5365,5370,0,0,0,0,100,0,0,0,0,0,0,0,0,0,0,0
5370,5375,0,0,0,0,100,0,0,0,0,0,0,0,0,0,0,0
5375,5380,0,0,0,0,100,0,0,0,0,0,0,0,0,0,0,0
5380,5385,0,0,0,0,100,0,0,0,0,0,0,0,0,0,0,0
5385,5390,0,0,0,0,100,0,0,0,0,0,0,0,0,0,0,0
5390,5395,0,0,0,0,100,0,0,0,0,0,0,0,0,0,0,0
5395,5400,0,0,0,0,100,0,0,0,0,0,0,0,0,0,0,0
5400,5405,0,0,0,0,100,0,0,0,0,0,0,0,0,0,0,0
5405,5410,0,0,0,0,100,0,0,0,0,0,0,0,0,0,0,0
5410,5415,0,0,0,0,100,0,0,0,0,0,0,0,0,0,0,0
5415,5420,0,0,0,0,20,80,0,0,0,0,0,0,0,0,0,0
5420,5425,0,0,0,0,20,80,0,0,0,0,0,0,0,0,0,0
5425,5430,0,0,0,0,90,10,0,0,0,0,0,0,0,0,0,0
5430,5435,0,0,0,0,100,0,0,0,0,0,0,0,0,0,0,0
5435,5440,0,0,0,0,100,0,0,0,0,0,0,0,0,0,0,0
5440,5445,0,0,0,0,100,0,0,0,0,0,0,0,0,0,0,0
5445,5450,0,0,0,0,100,0,0,0,0,0,0,0,0,0,0,0
5450,5455,0,0,0,0,100,0,0,0,0,0,0,0,0,0,0,0
5455,5460,0,0,0,0,100,0,0,0,0,0,0,0,0,0,0,0
5460,5465,0,0,0,0,100,0,0,0,0,0,0,0,0,0,0,0
5465,5470,0,0,0,0,100,0,0,0,0,0,0,0,0,0,0,0
5470,5475,0,0,0,0,100,0,0,0,0,0,0,0,0,0,0,0
5475,5480,0,0,0,0,100,0,0,0,0,0,0,0,0,0,0,0
5480,5485,0,0,0,0,100,0,0,0,0,0,0,0,0,0,0,0
5485,5490,0,0,0,0,100,0,0,0,0,0,0,0,0,0,0,0
5490,5495,0,0,0,0,100,0,0,0,0,0,0,0,0,0,0,0
5495,5500,0,0,0,0,100,0,0,0,0,0,0,0,0,0,0,0
5500,5505,0,0,0,0,100,0,0,0,0,0,0,0,0,0,0,0
5505,5510,0,0,0,0,100,0,0,0,0,0,0,0,0,0,0,0
5510,5515,0,0,0,0,100,0,0,0,0,0,0,0,0,0,0,0
5515,5520,0,0,0,0,100,0,0,0,0,0,0,0,0,0,0,0
5520,5525,0,0,0,0,100,0,0,0,0,0,0,0,0,0,0,0
5525,5530,0,0,0,0,100,0,0,0,0,0,0,0,0,0,0,0
5530,5535,0,0,0,0,100,0,0,0,0,0,0,0,0,0,0,0
5535,5540,0,0,0,0,100,0,0,0,0,0,0,0,0,0,0,0
5540,5545,0,0,0,0,100,0,0,0,0,0,0,0,0,0,0,0
5545,5550,0,0,0,0,100,0,0,0,0,0,0,0,0,0,0,0
5550,5555,0,0,0,0,100,0,0,0,0,0,0,0,0,0,0,0
5555,5560,0,0,0,0,100,0,0,0,0,0,0,0,0,0,0,0
5560,5565,0,0,0,0,100,0,0,0,0,0,0,0,0,0,0,0
5565,5570,0,0,0,0,100,0,0,0,0,0,0,0,0,0,0,0
5570,5575,0,0,0,0,100,0,0,0,0,0,0,0,0,0,0,0
5575,5580,0,0,0,0,100,0,0,0,0,0,0,0,0,0,0,0
5580,5585,0,0,0,0,100,0,0,0,0,0,0,0,0,0,0,0
5585,5590,0,0,0,0,100,0,0,0,0,0,0,0,0,0,0,0
5590,5595,0,0,0,0,100,0,0,0,0,0,0,0,0,0,0,0
5595,5600,0,0,0,0,100,0,0,0,0,0,0,0,0,0,0,0
5600,5605,0,0,0,0,100,0,0,0,0,0,0,0,0,0,0,0
5605,5610,0,0,0,0,100,0,0,0,0,0,0,0,0,0,0,0
5610,5615,0,0,0,0,100,0,0,0,0,0,0,0,0,0,0,0
5615,5620,0,0,0,0,100,0,0,0,0,0,0,0,0,0,0,0
5620,5625,0,0,0,0,100,0,0,0,0,0,0,0,0,0,0,0
5625,5630,0,0,0,0,100,0,0,0,0,0,0,0,0,0,0,0
5630,5635,0,0,0,0,100,0,0,0,0,0,0,0,0,0,0,0
5635,5640,0,0,0,0,100,0,0,0,0,0,0,0,0,0,0,0
5640,5645,0,0,0,0,100,0,0,0,0,0,0,0,0,0,0,0
5645,5650,0,0,0,0,100,0,0,0,0,0,0,0,0,0,0,0
5650,5655,0,0,0,0,100,0,0,0,0,0,0,0,0,0,0,0
5655,5660,0,0,0,0,100,0,0,0,0,0,0,0,0,0,0,0
5660,5665,0,0,0,0,100,0,0,0,0,0,0,0,0,0,0,0
5665,5670,0,0,0,0,100,0,0,0,0,0,0,0,0,0,0,0
5670,5675,0,0,0,0,100,0,0,0,0,0,0,0,0,0,0,0
5675,5680,0,0,0,0,100,0,0,0,0,0,0,0,0,0,0,0
5680,5685,0,0,0,0,100,0,0,0,0,0,0,0,0,0,0,0
5685,5690,0,0,0,0,100,0,0,0,0,0,0,0,0,0,0,0
5690,5695,0,0,0,0,100,0,0,0,0,0,0,0,0,0,0,0
5695,5700,0,0,0,0,100,0,0,0,0,0,0,0,0,0,0,0
5700,5705,0,0,0,0,100,0,0,0,0,0,0,0,0,0,0,0
5705,5710,0,0,0,0,100,0,0,0,0,0,0,0,0,0,0,0
5710,5715,0,0,0,0,100,0,0,0,0,0,0,0,0,0,0,0
5715,5720,0,0,0,0,100,0,0,0,0,0,0,0,0,0,0,0
5720,5725,0,0,0,0,100,0,0,0,0,0,0,0,0,0,0,0
5725,5730,0,0,0,0,100,0,0,0,0,0,0,0,0,0,0,0
5730,5735,0,0,0,0,100,0,0,0,0,0,0,0,0,0,0,0
5735,5740,0,0,0,0,100,0,0,0,0,0,0,0,0,0,0,0
5740,5745,0,0,0,0,100,0,0,0,0,0,0,0,0,0,0,0
5745,5750,0,0,0,0,100,0,0,0,0,0,0,0,0,0,0,0
5750,5755,0,0,0,0,100,0,0,0,0,0,0,0,0,0,0,0
5755,5760,0,0,0,0,40,0,0,0,0,0,0,0,0,0,0,60
5760,5765,0,0,0,0,60,0,0,0,0,0,0,0,0,0,0,40
5765,5770,0,0,0,0,70,0,0,0,0,0,0,0,0,0,0,30
5770,5775,0,0,0,0,50,0,0,0,0,0,0,0,0,0,0,50
5775,5780,0,0,0,0,40,0,0,0,0,0,0,0,0,0,0,60
5780,5785,0,0,0,0,80,0,0,0,0,0,0,0,0,0,0,20
5785,5790,0,0,0,0,100,0,0,0,0,0,0,0,0,0,0,0
5790,5795,0,0,0,0,100,0,0,0,0,0,0,0,0,0,0,0
5795,5800,0,0,0,0,100,0,0,0,0,0,0,0,0,0,0,0
5800,5805,0,0,0,0,100,0,0,0,0,0,0,0,0,0,0,0
5805,5810,0,0,0,0,100,0,0,0,0,0,0,0,0,0,0,0
5810,5815,0,0,0,0,100,0,0,0,0,0,0,0,0,0,0,0
5815,5820,0,0,0,0,100,0,0,0,0,0,0,0,0,0,0,0
5820,5825,0,0,0,0,100,0,0,0,0,0,0,0,0,0,0,0
5825,5830,0,0,0,0,100,0,0,0,0,0,0,0,0,0,0,0
5830,5835,0,0,0,0,100,0,0,0,0,0,0,0,0,0,0,0
5835,5840,0,0,0,0,100,0,0,0,0,0,0,0,0,0,0,0
5840,5845,0,0,0,0,100,0,0,0,0,0,0,0,0,0,0,0
5845,5850,0,0,0,0,100,0,0,0,0,0,0,0,0,0,0,0
5850,5855,0,0,0,0,100,0,0,0,0,0,0,0,0,0,0,0
5855,5860,0,0,0,0,100,0,0,0,0,0,0,0,0,0,0,0
5860,5865,0,0,0,0,100,0,0,0,0,0,0,0,0,0,0,0
5865,5870,0,0,0,0,100,0,0,0,0,0,0,0,0,0,0,0
5870,5875,0,0,0,0,100,0,0,0,0,0,0,0,0,0,0,0
5875,5880,0,0,0,0,100,0,0,0,0,0,0,0,0,0,0,0
5880,5885,0,0,0,0,100,0,0,0,0,0,0,0,0,0,0,0
5885,5890,0,0,0,0,100,0,0,0,0,0,0,0,0,0,0,0
5890,5895,0,0,0,0,100,0,0,0,0,0,0,0,0,0,0,0
5895,5900,0,0,0,0,100,0,0,0,0,0,0,0,0,0,0,0
5900,5905,0,0,0,0,100,0,0,0,0,0,0,0,0,0,0,0
5905,5910,0,0,0,0,100,0,0,0,0,0,0,0,0,0,0,0
5910,5915,0,0,0,0,100,0,0,0,0,0,0,0,0,0,0,0
5915,5920,0,0,0,0,100,0,0,0,0,0,0,0,0,0,0,0
5920,5925,0,0,0,0,100,0,0,0,0,0,0,0,0,0,0,0
5925,5930,0,0,0,0,100,0,0,0,0,0,0,0,0,0,0,0
5930,5935,0,0,0,0,100,0,0,0,0,0,0,0,0,0,0,0
5935,5940,0,0,0,0,100,0,0,0,0,0,0,0,0,0,0,0
5940,5945,0,0,0,0,100,0,0,0,0,0,0,0,0,0,0,0
5945,5950,0,0,0,0,100,0,0,0,0,0,0,0,0,0,0,0
5950,5955,0,0,0,0,100,0,0,0,0,0,0,0,0,0,0,0
5955,5960,0,0,0,0,100,0,0,0,0,0,0,0,0,0,0,0
5960,5965,0,0,0,0,100,0,0,0,0,0,0,0,0,0,0,0
5965,5970,0,0,0,0,100,0,0,0,0,0,0,0,0,0,0,0
5970,5975,0,0,0,0,100,0,0,0,0,0,0,0,0,0,0,0
5975,5980,0,0,0,0,100,0,0,0,0,0,0,0,0,0,0,0
5980,5985,0,0,0,0,100,0,0,0,0,0,0,0,0,0,0,0
5985,5990,0,0,0,0,100,0,0,0,0,0,0,0,0,0,0,0
5990,5995,0,0,0,0,100,0,0,0,0,0,0,0,0,0,0,0
5995,6000,0,0,0,0,100,0,0,0,0,0,0,0,0,0,0,0
6000,6005,0,0,0,0,100,0,0,0,0,0,0,0,0,0,0,0
6005,6010,0,0,0,0,100,0,0,0,0,0,0,0,0,0,0,0
6010,6015,0,0,0,0,100,0,0,0,0,0,0,0,0,0,0,0
6015,6020,0,0,0,0,100,0,0,0,0,0,0,0,0,0,0,0
6020,6025,0,0,0,0,100,0,0,0,0,0,0,0,0,0,0,0
6025,6030,0,0,0,0,100,0,0,0,0,0,0,0,0,0,0,0
6030,6035,0,0,0,0,100,0,0,0,0,0,0,0,0,0,0,0
6035,6040,0,0,0,0,100,0,0,0,0,0,0,0,0,0,0,0
6040,6045,0,0,0,0,100,0,0,0,0,0,0,0,0,0,0,0
6045,6050,0,0,0,0,100,0,0,0,0,0,0,0,0,0,0,0
6050,6055,0,0,0,0,100,0,0,0,0,0,0,0,0,0,0,0
6055,6060,0,0,0,0,100,0,0,0,0,0,0,0,0,0,0,0
6060,6065,0,0,0,0,100,0,0,0,0,0,0,0,0,0,0,0
6065,6070,0,0,0,0,100,0,0,0,0,0,0,0,0,0,0,0
6070,6075,0,0,0,0,100,0,0,0,0,0,0,0,0,0,0,0
6075,6080,0,0,0,0,100,0,0,0,0,0,0,0,0,0,0,0
6080,6085,0,0,0,0,100,0,0,0,0,0,0,0,0,0,0,0
6085,6090,0,0,0,0,100,0,0,0,0,0,0,0,0,0,0,0
6090,6095,0,0,0,0,100,0,0,0,0,0,0,0,0,0,0,0
6095,6100,0,0,0,0,100,0,0,0,0,0,0,0,0,0,0,0
6100,6105,0,0,0,0,100,0,0,0,0,0,0,0,0,0,0,0
6105,6110,0,0,0,0,100,0,0,0,0,0,0,0,0,0,0,0
6110,6115,0,0,0,0,100,0,0,0,0,0,0,0,0,0,0,0
6115,6120,0,0,0,0,100,0,0,0,0,0,0,0,0,0,0,0
6120,6125,0,0,0,0,100,0,0,0,0,0,0,0,0,0,0,0
6125,6130,0,0,0,0,100,0,0,0,0,0,0,0,0,0,0,0
6130,6135,0,0,0,0,100,0,0,0,0,0,0,0,0,0,0,0
6135,6140,0,0,0,70,30,0,0,0,0,0,0,0,0,0,0,0
6140,6145,0,0,0,100,0,0,0,0,0,0,0,0,0,0,0,0
6145,6150,0,0,0,50,50,0,0,0,0,0,0,0,0,0,0,0
6150,6155,0,0,0,0,100,0,0,0,0,0,0,0,0,0,0,0
6155,6160,0,0,0,0,100,0,0,0,0,0,0,0,0,0,0,0
6160,6165,0,0,0,0,100,0,0,0,0,0,0,0,0,0,0,0
6165,6170,0,0,0,0,100,0,0,0,0,0,0,0,0,0,0,0
6170,6175,0,0,0,0,100,0,0,0,0,0,0,0,0,0,0,0
6175,6180,0,0,0,0,100,0,0,0,0,0,0,0,0,0,0,0
6180,6185,0,0,0,0,100,0,0,0,0,0,0,0,0,0,0,0
6185,6190,0,0,0,0,100,0,0,0,0,0,0,0,0,0,0,0
6190,6195,0,0,0,0,100,0,0,0,0,0,0,0,0,0,0,0
6195,6200,0,0,0,0,100,0,0,0,0,0,0,0,0,0,0,0
6200,6205,0,0,0,0,30,0,0,0,0,0,0,0,0,0,0,70
6205,6210,0,0,0,0,10,0,0,0,0,0,0,0,0,0,0,90
6210,6215,0,0,0,0,10,0,0,0,0,0,0,0,0,0,0,90
6215,6220,0,0,0,0,10,0,0,0,0,0,0,0,0,0,0,90
6220,6225,0,0,0,0,100,0,0,0,0,0,0,0,0,0,0,0
6225,6230,0,0,0,0,100,0,0,0,0,0,0,0,0,0,0,0
6230,6235,0,0,0,0,100,0,0,0,0,0,0,0,0,0,0,0
6235,6240,0,0,0,0,100,0,0,0,0,0,0,0,0,0,0,0
6240,6245,0,0,0,0,100,0,0,0,0,0,0,0,0,0,0,0
6245,6250,0,0,0,0,100,0,0,0,0,0,0,0,0,0,0,0
6250,6255,0,0,0,0,100,0,0,0,0,0,0,0,0,0,0,0
6255,6260,0,0,0,0,100,0,0,0,0,0,0,0,0,0,0,0
6260,6265,0,0,0,0,100,0,0,0,0,0,0,0,0,0,0,0
6265,6270,0,0,0,0,100,0,0,0,0,0,0,0,0,0,0,0
6270,6275,0,0,0,0,100,0,0,0,0,0,0,0,0,0,0,0
6275,6280,0,0,0,0,100,0,0,0,0,0,0,0,0,0,0,0
6280,6285,0,0,0,0,100,0,0,0,0,0,0,0,0,0,0,0
6285,6290,0,0,0,0,100,0,0,0,0,0,0,0,0,0,0,0
6290,6295,0,0,0,0,100,0,0,0,0,0,0,0,0,0,0,0
6295,6300,0,0,0,0,100,0,0,0,0,0,0,0,0,0,0,0
6300,6305,0,0,0,0,100,0,0,0,0,0,0,0,0,0,0,0
6305,6310,0,0,0,0,100,0,0,0,0,0,0,0,0,0,0,0
6310,6315,0,0,0,0,100,0,0,0,0,0,0,0,0,0,0,0
6315,6320,0,0,0,0,100,0,0,0,0,0,0,0,0,0,0,0
6320,6325,0,0,0,0,100,0,0,0,0,0,0,0,0,0,0,0
6325,6330,0,0,0,0,100,0,0,0,0,0,0,0,0,0,0,0
6330,6335,0,0,0,0,50,0,0,0,0,0,0,0,0,0,0,50
6335,6340,0,0,0,0,40,0,0,0,0,0,0,0,0,0,0,60
6340,6345,0,0,0,0,100,0,0,0,0,0,0,0,0,0,0,0
6345,6350,0,0,0,0,100,0,0,0,0,0,0,0,0,0,0,0
6350,6355,0,0,0,0,100,0,0,0,0,0,0,0,0,0,0,0
6355,6360,0,0,0,0,100,0,0,0,0,0,0,0,0,0,0,0
6360,6365,0,0,0,0,100,0,0,0,0,0,0,0,0,0,0,0
6365,6370,0,0,0,0,100,0,0,0,0,0,0,0,0,0,0,0
6370,6375,0,0,0,0,100,0,0,0,0,0,0,0,0,0,0,0
6375,6380,0,0,0,0,100,0,0,0,0,0,0,0,0,0,0,0
6380,6385,0,0,0,0,100,0,0,0,0,0,0,0,0,0,0,0
6385,6390,0,0,0,0,100,0,0,0,0,0,0,0,0,0,0,0
6390,6395,0,0,0,0,100,0,0,0,0,0,0,0,0,0,0,0
6395,6400,0,0,0,0,100,0,0,0,0,0,0,0,0,0,0,0
6400,6405,0,0,0,0,100,0,0,0,0,0,0,0,0,0,0,0
6405,6410,0,0,0,0,100,0,0,0,0,0,0,0,0,0,0,0
6410,6415,0,0,0,0,100,0,0,0,0,0,0,0,0,0,0,0
6415,6420,0,0,0,0,100,0,0,0,0,0,0,0,0,0,0,0
6420,6425,0,0,0,0,80,0,0,0,0,0,0,0,0,0,0,20
6425,6430,0,0,0,0,50,0,0,0,0,0,0,0,0,0,0,50
6430,6435,0,0,0,0,30,0,0,0,0,0,0,0,0,0,0,70
6435,6440,0,0,0,0,20,0,0,0,0,0,0,0,0,0,0,80
6440,6445,0,0,0,0,80,0,0,0,0,0,0,0,0,0,0,20
6445,6450,0,0,0,0,100,0,0,0,0,0,0,0,0,0,0,0
6450,6455,0,0,0,0,100,0,0,0,0,0,0,0,0,0,0,0
6455,6460,0,0,0,0,100,0,0,0,0,0,0,0,0,0,0,0
6460,6465,0,0,0,0,100,0,0,0,0,0,0,0,0,0,0,0
6465,6470,0,0,0,0,100,0,0,0,0,0,0,0,0,0,0,0
6470,6475,0,0,0,0,90,0,0,0,0,0,0,0,0,0,0,10
6475,6480,0,0,0,0,60,0,0,0,0,0,0,0,0,0,0,40
6480,6485,0,0,0,0,40,0,0,0,0,0,0,0,0,0,0,60
6485,6490,0,0,0,0,10,0,0,0,0,0,0,0,0,0,0,90
6490,6495,0,0,0,0,30,0,0,0,0,0,0,0,0,0,0,70
6495,6500,0,0,0,0,40,0,0,0,0,0,0,0,0,0,0,60
6500,6505,0,0,0,0,30,0,0,0,0,0,0,0,0,0,0,70
6505,6510,0,0,0,0,100,0,0,0,0,0,0,0,0,0,0,0
6510,6515,0,0,0,0,100,0,0,0,0,0,0,0,0,0,0,0
6515,6520,0,0,0,0,100,0,0,0,0,0,0,0,0,0,0,0
6520,6525,0,0,0,0,100,0,0,0,0,0,0,0,0,0,0,0
6525,6530,0,0,0,0,100,0,0,0,0,0,0,0,0,0,0,0
6530,6535,0,0,0,0,100,0,0,0,0,0,0,0,0,0,0,0
6535,6540,0,0,0,0,100,0,0,0,0,0,0,0,0,0,0,0
6540,6545,0,0,0,0,100,0,0,0,0,0,0,0,0,0,0,0
6545,6550,0,0,0,0,100,0,0,0,0,0,0,0,0,0,0,0
6550,6555,0,0,0,0,100,0,0,0,0,0,0,0,0,0,0,0
6555,6560,0,0,0,0,100,0,0,0,0,0,0,0,0,0,0,0
6560,6565,0,0,0,0,100,0,0,0,0,0,0,0,0,0,0,0
6565,6570,0,0,0,0,100,0,0,0,0,0,0,0,0,0,0,0
6570,6575,0,0,0,0,100,0,0,0,0,0,0,0,0,0,0,0
6575,6580,0,0,0,0,100,0,0,0,0,0,0,0,0,0,0,0
6580,6585,0,0,0,0,100,0,0,0,0,0,0,0,0,0,0,0
6585,6590,0,0,0,0,100,0,0,0,0,0,0,0,0,0,0,0
6590,6595,0,0,0,0,100,0,0,0,0,0,0,0,0,0,0,0
6595,6600,0,0,0,0,100,0,0,0,0,0,0,0,0,0,0,0
6600,6605,0,0,0,0,100,0,0,0,0,0,0,0,0,0,0,0
6605,6610,0,0,0,0,100,0,0,0,0,0,0,0,0,0,0,0
6610,6615,0,0,0,0,100,0,0,0,0,0,0,0,0,0,0,0
6615,6620,0,0,0,0,100,0,0,0,0,0,0,0,0,0,0,0
6620,6625,0,0,0,0,100,0,0,0,0,0,0,0,0,0,0,0
6625,6630,0,0,0,0,100,0,0,0,0,0,0,0,0,0,0,0
6630,6635,0,0,0,0,100,0,0,0,0,0,0,0,0,0,0,0
6635,6640,0,0,0,0,100,0,0,0,0,0,0,0,0,0,0,0
6640,6645,0,0,0,0,100,0,0,0,0,0,0,0,0,0,0,0
6645,6650,0,0,0,0,100,0,0,0,0,0,0,0,0,0,0,0
6650,6655,0,0,0,0,100,0,0,0,0,0,0,0,0,0,0,0
6655,6660,0,0,0,0,100,0,0,0,0,0,0,0,0,0,0,0
6660,6665,0,0,0,0,100,0,0,0,0,0,0,0,0,0,0,0
6665,6670,0,0,0,0,70,0,0,0,0,0,0,0,0,0,0,30
6670,6675,0,0,0,0,30,0,0,0,0,0,0,0,0,0,0,70
6675,6680,0,0,0,0,30,0,0,0,0,0,0,0,0,0,0,70
6680,6685,0,0,0,0,50,0,0,0,0,0,0,0,0,0,0,50
6685,6690,0,0,0,0,70,0,0,0,0,0,0,0,0,0,0,30
6690,6695,0,0,0,0,50,0,0,0,0,0,0,0,0,0,0,50
6695,6700,0,0,0,0,20,0,0,0,0,0,0,0,0,0,0,80
6700,6705,0,0,0,0,10,0,0,0,0,0,0,0,0,0,0,90
6705,6710,0,0,0,0,0,0,0,0,0,0,0,0,0,0,0,100
6710,6715,0,0,0,0,50,0,0,0,0,0,0,0,0,0,0,50
6715,6720,0,0,0,0,100,0,0,0,0,0,0,0,0,0,0,0
6720,6725,0,0,0,0,100,0,0,0,0,0,0,0,0,0,0,0
6725,6730,0,0,0,0,100,0,0,0,0,0,0,0,0,0,0,0
6730,6735,0,0,0,0,100,0,0,0,0,0,0,0,0,0,0,0
6735,6740,0,0,0,0,30,0,0,0,0,0,0,0,0,0,0,70
6740,6745,0,0,0,0,40,0,0,0,0,0,0,0,0,0,0,60
6745,6750,0,0,0,0,60,0,0,0,0,0,0,0,0,0,0,40
6750,6755,0,0,0,0,0,0,0,0,0,0,0,0,0,0,0,100
6755,6760,0,0,0,0,0,0,0,0,0,0,0,0,0,0,0,100
6760,6765,0,0,0,0,0,0,0,0,0,0,0,0,0,0,0,100
6765,6770,0,0,0,0,0,0,0,0,0,0,0,0,0,0,0,100
6770,6775,0,0,0,0,0,0,0,0,0,0,0,0,0,0,0,100
6775,6780,0,0,0,0,0,0,0,0,0,0,0,0,0,0,0,100
6780,6785,0,0,0,0,20,0,0,0,0,0,0,0,0,0,0,80
6785,6790,0,0,0,0,50,0,0,0,0,0,0,0,0,0,0,50
6790,6795,0,0,0,0,30,0,0,0,0,0,0,0,0,0,0,70
6795,6800,0,0,0,0,10,0,0,0,0,0,0,0,0,0,0,90
6800,6805,0,0,0,0,70,0,0,0,0,0,0,0,0,0,0,30
6805,6810,0,0,0,0,100,0,0,0,0,0,0,0,0,0,0,0
6810,6815,0,0,0,0,100,0,0,0,0,0,0,0,0,0,0,0
6815,6820,0,0,0,0,100,0,0,0,0,0,0,0,0,0,0,0
6820,6825,0,0,0,0,100,0,0,0,0,0,0,0,0,0,0,0
6825,6830,0,0,0,0,100,0,0,0,0,0,0,0,0,0,0,0
6830,6835,0,0,0,0,100,0,0,0,0,0,0,0,0,0,0,0
6835,6840,0,0,0,0,100,0,0,0,0,0,0,0,0,0,0,0
6840,6845,0,0,0,0,100,0,0,0,0,0,0,0,0,0,0,0
6845,6850,0,0,0,0,100,0,0,0,0,0,0,0,0,0,0,0
6850,6855,0,0,0,0,100,0,0,0,0,0,0,0,0,0,0,0
6855,6860,0,0,0,0,100,0,0,0,0,0,0,0,0,0,0,0
6860,6865,0,0,0,0,100,0,0,0,0,0,0,0,0,0,0,0
6865,6870,0,0,0,0,100,0,0,0,0,0,0,0,0,0,0,0
6870,6875,0,0,0,0,100,0,0,0,0,0,0,0,0,0,0,0
6875,6880,0,0,0,0,100,0,0,0,0,0,0,0,0,0,0,0
6880,6885,0,0,0,0,100,0,0,0,0,0,0,0,0,0,0,0
6885,6890,0,0,0,0,100,0,0,0,0,0,0,0,0,0,0,0
6890,6895,0,0,0,0,100,0,0,0,0,0,0,0,0,0,0,0
6895,6900,0,0,0,0,100,0,0,0,0,0,0,0,0,0,0,0
6900,6905,0,0,0,0,100,0,0,0,0,0,0,0,0,0,0,0
6905,6910,0,0,0,0,80,0,0,0,0,0,0,0,0,0,0,20
6910,6915,0,0,0,0,60,0,0,0,0,0,0,0,0,0,0,40
6915,6920,0,0,0,0,30,0,0,0,0,0,0,0,0,0,0,70
6920,6925,0,0,0,0,40,0,0,0,0,0,0,0,0,0,0,60
6925,6930,0,0,0,0,40,0,0,0,0,0,0,0,0,0,0,60
6930,6935,0,0,0,0,30,0,0,0,0,0,0,0,0,0,0,70
6935,6940,0,0,0,0,30,0,0,0,0,0,0,0,0,0,0,70
6940,6945,0,0,0,0,40,0,0,0,0,0,0,0,0,0,0,60
6945,6950,0,0,0,0,10,0,0,0,0,0,0,0,0,0,0,90
6950,6955,0,0,0,0,80,0,0,0,0,0,0,0,0,0,0,20
6955,6960,0,0,0,0,100,0,0,0,0,0,0,0,0,0,0,0
6960,6965,0,0,0,0,100,0,0,0,0,0,0,0,0,0,0,0
6965,6970,0,0,0,0,100,0,0,0,0,0,0,0,0,0,0,0
6970,6975,0,0,0,0,100,0,0,0,0,0,0,0,0,0,0,0
6975,6980,0,0,0,0,100,0,0,0,0,0,0,0,0,0,0,0
6980,6985,0,0,0,0,100,0,0,0,0,0,0,0,0,0,0,0
6985,6990,0,0,0,0,100,0,0,0,0,0,0,0,0,0,0,0
6990,6995,0,0,0,0,100,0,0,0,0,0,0,0,0,0,0,0
6995,7000,0,0,0,0,100,0,0,0,0,0,0,0,0,0,0,0
7000,7005,0,0,0,0,100,0,0,0,0,0,0,0,0,0,0,0
7005,7010,0,0,0,0,100,0,0,0,0,0,0,0,0,0,0,0
7010,7015,0,0,0,0,100,0,0,0,0,0,0,0,0,0,0,0
7015,7020,0,0,0,0,100,0,0,0,0,0,0,0,0,0,0,0
7020,7025,0,0,0,50,40,0,0,0,0,0,0,0,10,0,0,0
7025,7030,0,0,0,80,20,0,0,0,0,0,0,0,0,0,0,0
7030,7035,0,0,0,80,20,0,0,0,0,0,0,0,0,0,0,0
7035,7040,0,0,0,50,20,0,0,0,0,0,0,0,0,0,0,30
7040,7045,0,0,0,0,40,0,0,0,0,0,0,0,0,0,0,60
7045,7050,0,0,0,0,30,0,0,0,0,0,0,0,0,0,0,70
7050,7055,0,0,0,0,40,0,0,0,0,0,0,0,0,0,0,60
7055,7060,0,0,0,0,40,0,0,0,0,0,0,0,0,0,0,60
7060,7065,0,0,0,0,70,0,0,0,0,0,0,0,0,0,0,30
7065,7070,0,0,0,0,80,0,0,0,0,0,0,0,0,0,0,20
7070,7075,0,0,0,0,60,0,0,0,0,0,0,0,0,0,0,40
7075,7080,0,0,0,0,70,0,0,0,0,0,0,0,0,0,0,30
7080,7085,0,0,0,0,60,0,0,0,0,0,0,0,0,0,0,40
7085,7090,0,0,0,0,70,0,0,0,0,0,0,0,0,0,0,30
7090,7095,0,0,0,0,60,0,0,0,0,0,0,0,0,0,0,40
7095,7100,0,0,0,0,60,0,0,0,0,0,0,0,0,0,0,40
7100,7105,0,0,0,0,40,0,0,0,0,0,0,0,0,0,0,60
7105,7110,0,0,0,0,40,0,0,0,0,0,0,0,0,0,0,60
7110,7115,0,0,0,0,30,0,0,0,0,0,0,0,0,0,0,70
7115,7120,0,0,0,0,30,0,0,0,0,0,0,0,0,0,0,70
7120,7125,0,0,0,0,30,0,0,0,0,0,0,0,0,0,0,70
7125,7130,0,0,0,0,30,0,0,0,0,0,0,0,0,0,0,70
7130,7135,0,0,0,0,50,0,0,0,0,0,0,0,0,0,0,50
7135,7140,0,0,0,0,70,0,0,0,0,0,0,0,0,0,0,30
7140,7145,0,0,0,0,70,0,0,0,0,0,0,0,0,0,0,30
7145,7150,0,0,0,0,70,0,0,0,0,0,0,0,0,0,0,30
7150,7155,0,0,0,0,90,0,0,0,0,0,0,0,10,0,0,0
7155,7160,0,0,0,0,100,0,0,0,0,0,0,0,0,0,0,0
7160,7165,0,0,0,0,90,0,0,0,0,0,0,0,10,0,0,0
7165,7170,0,0,0,0,100,0,0,0,0,0,0,0,0,0,0,0
7170,7175,0,0,0,0,90,0,0,0,0,0,0,0,10,0,0,0
7175,7180,0,0,0,0,100,0,0,0,0,0,0,0,0,0,0,0
7180,7185,0,0,0,0,90,0,0,0,0,0,0,0,10,0,0,0
7185,7190,0,0,0,0,100,0,0,0,0,0,0,0,0,0,0,0
7190,7195,0,0,0,0,100,0,0,0,0,0,0,0,0,0,0,0
7195,7200,0,0,0,0,100,0,0,0,0,0,0,0,0,0,0,0
7200,7205,0,0,0,0,90,0,0,0,0,0,0,0,10,0,0,0
7205,7210,0,0,0,0,100,0,0,0,0,0,0,0,0,0,0,0
7210,7215,0,0,0,0,100,0,0,0,0,0,0,0,0,0,0,0
7215,7220,0,0,0,0,100,0,0,0,0,0,0,0,0,0,0,0
7220,7225,0,0,0,0,90,0,0,0,0,0,0,0,10,0,0,0
7225,7230,0,0,0,0,100,0,0,0,0,0,0,0,0,0,0,0
7230,7235,0,0,0,0,90,0,0,0,0,0,0,0,10,0,0,0
7235,7240,0,0,0,0,90,0,0,0,0,0,0,0,10,0,0,0
7240,7245,0,0,0,0,90,0,0,0,0,0,0,0,10,0,0,0
7245,7250,0,0,0,0,100,0,0,0,0,0,0,0,0,0,0,0
7250,7255,0,0,0,0,90,0,0,0,0,0,0,0,10,0,0,0
7255,7260,0,0,0,0,90,0,0,0,0,0,0,0,10,0,0,0
7260,7265,0,0,0,0,90,0,0,0,0,0,0,0,10,0,0,0
7265,7270,0,0,0,0,100,0,0,0,0,0,0,0,0,0,0,0
7270,7275,0,0,0,0,90,0,0,0,0,0,0,0,10,0,0,0
7275,7280,0,0,0,0,90,0,0,0,0,0,0,0,10,0,0,0
7280,7285,0,0,0,0,90,0,0,0,0,0,0,0,10,0,0,0
7285,7290,0,0,0,0,100,0,0,0,0,0,0,0,0,0,0,0
7290,7295,0,0,0,0,100,0,0,0,0,0,0,0,0,0,0,0
7295,7300,0,0,0,0,90,0,0,0,0,0,0,0,10,0,0,0
7300,7305,0,0,0,0,90,0,0,0,0,0,0,0,10,0,0,0
7305,7310,0,0,0,0,90,0,0,0,0,0,0,0,10,0,0,0
7310,7315,0,0,0,0,100,0,0,0,0,0,0,0,0,0,0,0
7315,7320,0,0,0,0,90,0,0,0,0,0,0,0,10,0,0,0
7320,7325,0,0,0,0,90,0,0,0,0,0,0,0,10,0,0,0
7325,7330,0,0,0,0,80,0,0,0,0,0,0,0,20,0,0,0
7330,7335,0,0,0,0,80,0,0,0,0,0,0,0,20,0,0,0
7335,7340,0,0,0,0,90,0,0,0,0,0,0,0,10,0,0,0
7340,7345,0,0,0,0,90,0,0,0,0,0,0,0,10,0,0,0
7345,7350,0,0,0,0,80,0,0,0,0,0,0,0,20,0,0,0
7350,7355,0,0,0,0,80,0,0,0,0,0,0,0,20,0,0,0
7355,7360,0,0,0,0,80,0,0,0,0,0,0,0,20,0,0,0
7360,7365,0,0,0,0,90,0,0,0,0,0,0,0,10,0,0,0
7365,7370,0,0,0,0,80,0,0,0,0,0,0,0,20,0,0,0
7370,7375,0,0,0,0,80,0,0,0,0,0,0,0,20,0,0,0
7375,7380,0,0,0,0,70,0,0,0,0,0,0,0,30,0,0,0
7380,7385,0,0,0,0,100,0,0,0,0,0,0,0,0,0,0,0
7385,7390,0,0,0,0,70,0,0,0,0,0,0,0,30,0,0,0
7390,7395,0,0,0,0,80,0,0,0,0,0,0,0,20,0,0,0
7395,7400,0,0,0,0,60,0,0,0,0,0,0,0,40,0,0,0
7400,7405,0,0,0,0,100,0,0,0,0,0,0,0,0,0,0,0
7405,7410,0,0,0,0,70,0,0,0,0,0,0,0,30,0,0,0
7410,7415,0,0,0,0,70,0,0,0,0,0,0,0,30,0,0,0
7415,7420,0,0,0,0,60,0,0,0,0,0,0,0,40,0,0,0
7420,7425,0,0,0,0,100,0,0,0,0,0,0,0,0,0,0,0
7425,7430,0,0,0,0,70,0,0,0,0,0,0,0,30,0,0,0
7430,7435,0,0,0,0,80,0,0,0,0,0,0,0,20,0,0,0
7435,7440,0,0,0,0,60,0,0,0,0,0,0,0,40,0,0,0
7440,7445,0,0,0,0,80,0,0,0,0,0,0,0,20,0,0,0
7445,7450,0,0,0,0,80,0,0,0,0,0,0,0,20,0,0,0
7450,7455,0,0,0,0,90,0,0,0,0,0,0,0,10,0,0,0
7455,7460,0,0,0,0,60,0,0,0,0,0,0,0,40,0,0,0
7460,7465,0,0,0,0,80,0,0,0,0,0,0,0,20,0,0,0
7465,7470,0,0,0,0,80,0,0,0,0,0,0,0,20,0,0,0
7470,7475,0,0,0,0,100,0,0,0,0,0,0,0,0,0,0,0
7475,7480,0,0,0,0,70,0,0,0,0,0,0,0,30,0,0,0
7480,7485,0,0,0,0,70,0,0,0,0,0,0,0,30,0,0,0
7485,7490,0,0,0,0,80,0,0,0,0,0,0,0,20,0,0,0
7490,7495,0,0,0,0,90,0,0,0,0,0,0,0,10,0,0,0
7495,7500,0,0,0,0,70,0,0,0,0,0,0,0,30,0,0,0
7500,7505,0,0,0,0,80,0,0,0,0,0,0,0,20,0,0,0
7505,7510,0,0,0,0,80,0,0,0,0,0,0,0,20,0,0,0
7510,7515,0,0,0,80,20,0,0,0,0,0,0,0,0,0,0,0
7515,7520,0,0,0,100,0,0,0,0,0,0,0,0,0,0,0,0
7520,7525,0,0,0,100,0,0,0,0,0,0,0,0,0,0,0,0
7525,7530,0,0,0,100,0,0,0,0,0,0,0,0,0,0,0,0
7530,7535,0,0,0,20,70,0,0,0,0,0,0,0,10,0,0,0
7535,7540,0,0,0,0,70,0,0,0,0,0,0,0,30,0,0,0
7540,7545,0,0,0,0,80,0,0,0,0,0,0,0,20,0,0,0
7545,7550,0,0,0,0,80,0,0,0,0,0,0,0,20,0,0,0
7550,7555,0,0,0,0,90,0,0,0,0,0,0,0,10,0,0,0
7555,7560,0,0,0,0,60,0,0,0,0,0,0,0,40,0,0,0
7560,7565,0,0,0,0,90,0,0,0,0,0,0,0,10,0,0,0
7565,7570,0,0,0,0,80,0,0,0,0,0,0,0,20,0,0,0
7570,7575,0,0,0,0,90,0,0,0,0,0,0,0,10,0,0,0
7575,7580,0,0,0,0,70,0,0,0,0,0,0,0,30,0,0,0
7580,7585,0,0,0,0,90,0,0,0,0,0,0,0,10,0,0,0
7585,7590,0,0,0,0,70,0,0,0,0,0,0,0,30,0,0,0
7590,7595,0,0,0,0,100,0,0,0,0,0,0,0,0,0,0,0
7595,7600,0,0,0,0,50,0,0,0,0,0,0,0,50,0,0,0
7600,7605,0,0,0,80,20,0,0,0,0,0,0,0,0,0,0,0
7605,7610,0,0,0,100,0,0,0,0,0,0,0,0,0,0,0,0
7610,7615,0,0,0,100,0,0,0,0,0,0,0,0,0,0,0,0
7615,7620,0,0,0,50,50,0,0,0,0,0,0,0,0,0,0,0
7620,7625,0,0,0,0,100,0,0,0,0,0,0,0,0,0,0,0
7625,7630,0,0,0,0,70,0,0,0,0,0,0,0,30,0,0,0
7630,7635,0,0,0,0,100,0,0,0,0,0,0,0,0,0,0,0
7635,7640,0,0,0,0,70,0,0,0,0,0,0,0,30,0,0,0
7640,7645,0,0,0,0,100,0,0,0,0,0,0,0,0,0,0,0
7645,7650,0,0,0,0,80,0,0,0,0,0,0,0,20,0,0,0
7650,7655,0,0,0,0,100,0,0,0,0,0,0,0,0,0,0,0
7655,7660,0,0,0,0,70,0,0,0,0,0,0,0,30,0,0,0
7660,7665,0,0,0,0,100,0,0,0,0,0,0,0,0,0,0,0
7665,7670,0,0,0,0,50,0,0,0,0,0,0,0,0,0,0,50
7670,7675,0,0,0,0,0,0,0,0,0,0,0,0,0,0,0,100
7675,7680,0,0,0,0,0,0,0,0,0,0,0,0,0,0,0,100
7680,7685,0,0,0,0,50,0,0,0,0,0,0,0,0,0,0,50
7685,7690,0,0,0,0,100,0,0,0,0,0,0,0,0,0,0,0
7690,7695,0,0,0,0,100,0,0,0,0,0,0,0,0,0,0,0
7695,7700,0,0,0,0,80,0,0,0,0,0,0,0,20,0,0,0
7700,7705,0,0,0,0,100,0,0,0,0,0,0,0,0,0,0,0
7705,7710,0,0,0,0,100,0,0,0,0,0,0,0,0,0,0,0
7710,7715,0,0,0,0,100,0,0,0,0,0,0,0,0,0,0,0
7715,7720,0,0,0,0,50,0,0,0,0,0,0,0,0,0,0,50
7720,7725,0,0,0,0,0,0,0,0,0,0,0,0,0,0,0,100
7725,7730,0,0,0,0,0,0,0,0,0,0,0,0,0,0,0,100
7730,7735,0,0,0,0,50,0,0,0,0,0,0,0,0,0,0,50
7735,7740,0,0,0,0,100,0,0,0,0,0,0,0,0,0,0,0
7740,7745,0,0,0,0,100,0,0,0,0,0,0,0,0,0,0,0
7745,7750,0,0,0,0,100,0,0,0,0,0,0,0,0,0,0,0
7750,7755,0,0,0,0,100,0,0,0,0,0,0,0,0,0,0,0
7755,7760,0,0,0,0,90,0,0,0,0,0,0,0,10,0,0,0
7760,7765,0,0,0,0,100,0,0,0,0,0,0,0,0,0,0,0
7765,7770,0,0,0,0,100,0,0,0,0,0,0,0,0,0,0,0
7770,7775,0,0,0,0,100,0,0,0,0,0,0,0,0,0,0,0
7775,7780,0,0,0,0,100,0,0,0,0,0,0,0,0,0,0,0
7780,7785,0,0,0,0,100,0,0,0,0,0,0,0,0,0,0,0
7785,7790,0,0,0,0,100,0,0,0,0,0,0,0,0,0,0,0
7790,7795,0,0,0,0,100,0,0,0,0,0,0,0,0,0,0,0
7795,7800,0,0,0,0,100,0,0,0,0,0,0,0,0,0,0,0
7800,7805,0,0,0,0,100,0,0,0,0,0,0,0,0,0,0,0
7805,7810,0,0,0,50,50,0,0,0,0,0,0,0,0,0,0,0
7810,7815,0,0,0,100,0,0,0,0,0,0,0,0,0,0,0,0
7815,7820,0,0,0,100,0,0,0,0,0,0,0,0,0,0,0,0
7820,7825,0,0,0,50,50,0,0,0,0,0,0,0,0,0,0,0
7825,7830,0,0,0,0,100,0,0,0,0,0,0,0,0,0,0,0
7830,7835,0,0,0,0,100,0,0,0,0,0,0,0,0,0,0,0
7835,7840,0,0,0,0,50,0,0,0,0,0,0,0,0,0,0,50
7840,7845,0,0,0,0,0,0,0,0,0,0,0,0,0,0,0,100
7845,7850,0,0,0,0,0,0,0,0,0,0,0,0,0,0,0,100
7850,7855,0,0,0,0,50,0,0,0,0,0,0,0,0,0,0,50
7855,7860,0,0,0,0,100,0,0,0,0,0,0,0,0,0,0,0
7860,7865,0,0,0,0,100,0,0,0,0,0,0,0,0,0,0,0
7865,7870,0,0,0,0,100,0,0,0,0,0,0,0,0,0,0,0
7870,7875,0,0,0,0,100,0,0,0,0,0,0,0,0,0,0,0
7875,7880,0,0,0,0,100,0,0,0,0,0,0,0,0,0,0,0
7880,7885,0,0,0,0,100,0,0,0,0,0,0,0,0,0,0,0
7885,7890,0,0,0,0,100,0,0,0,0,0,0,0,0,0,0,0
7890,7895,0,0,0,0,100,0,0,0,0,0,0,0,0,0,0,0
7895,7900,0,0,0,50,50,0,0,0,0,0,0,0,0,0,0,0
7900,7905,0,0,0,100,0,0,0,0,0,0,0,0,0,0,0,0
7905,7910,0,0,0,100,0,0,0,0,0,0,0,0,0,0,0,0
7910,7915,0,0,0,50,50,0,0,0,0,0,0,0,0,0,0,0
7915,7920,0,0,0,0,100,0,0,0,0,0,0,0,0,0,0,0
7920,7925,0,0,0,0,100,0,0,0,0,0,0,0,0,0,0,0
7925,7930,0,0,0,0,100,0,0,0,0,0,0,0,0,0,0,0
7930,7935,0,0,0,0,100,0,0,0,0,0,0,0,0,0,0,0
7935,7940,0,0,0,0,100,0,0,0,0,0,0,0,0,0,0,0
7940,7945,0,0,0,0,100,0,0,0,0,0,0,0,0,0,0,0
7945,7950,0,0,0,0,100,0,0,0,0,0,0,0,0,0,0,0
7950,7955,0,0,0,0,100,0,0,0,0,0,0,0,0,0,0,0
7955,7960,0,0,0,0,100,0,0,0,0,0,0,0,0,0,0,0
7960,7965,0,0,0,0,100,0,0,0,0,0,0,0,0,0,0,0
7965,7970,0,0,0,0,100,0,0,0,0,0,0,0,0,0,0,0
7970,7975,0,0,0,0,100,0,0,0,0,0,0,0,0,0,0,0
7975,7980,0,0,0,0,100,0,0,0,0,0,0,0,0,0,0,0
7980,7985,0,0,0,0,40,0,0,0,0,0,0,0,0,0,0,60
7985,7990,0,0,0,0,0,0,0,0,0,0,0,0,0,0,0,100
7990,7995,0,0,0,0,0,0,0,0,0,0,0,0,0,0,0,100
7995,8000,0,0,0,0,0,0,0,0,0,0,0,0,0,0,0,100
8000,8005,0,0,0,0,0,0,0,0,0,0,0,0,30,0,0,70
8005,8010,0,0,0,0,0,0,0,0,0,0,0,0,100,0,0,0
8010,8015,0,0,0,0,0,0,0,0,0,0,0,0,100,0,0,0
8015,8020,0,0,0,0,0,0,0,0,0,0,0,0,100,0,0,0
8020,8025,0,0,0,0,0,0,0,0,0,0,0,0,100,0,0,0
8025,8030,0,0,0,0,50,0,0,0,0,0,0,0,50,0,0,0
8030,8035,0,0,0,0,100,0,0,0,0,0,0,0,0,0,0,0
8035,8040,0,0,0,0,100,0,0,0,0,0,0,0,0,0,0,0
8040,8045,0,0,0,0,100,0,0,0,0,0,0,0,0,0,0,0
8045,8050,0,0,0,0,100,0,0,0,0,0,0,0,0,0,0,0
8050,8055,0,0,0,0,100,0,0,0,0,0,0,0,0,0,0,0
8055,8060,0,0,0,0,100,0,0,0,0,0,0,0,0,0,0,0
8060,8065,0,0,0,0,100,0,0,0,0,0,0,0,0,0,0,0
8065,8070,0,0,0,0,100,0,0,0,0,0,0,0,0,0,0,0
8070,8075,0,0,0,0,100,0,0,0,0,0,0,0,0,0,0,0
8075,8080,0,0,0,0,50,0,0,0,0,0,0,0,0,0,0,50
8080,8085,0,0,0,0,0,0,0,0,0,0,0,0,0,0,0,100
8085,8090,0,0,0,0,0,0,0,0,0,0,0,0,0,0,0,100
8090,8095,0,0,0,0,0,0,0,0,0,0,0,0,0,0,0,100
8095,8100,0,0,0,0,0,0,0,0,0,0,0,0,0,0,0,100
8100,8105,0,0,0,0,50,0,0,0,0,0,0,0,0,0,0,50
8105,8110,0,0,0,0,100,0,0,0,0,0,0,0,0,0,0,0
8110,8115,0,0,0,0,100,0,0,0,0,0,0,0,0,0,0,0
8115,8120,0,0,0,0,100,0,0,0,0,0,0,0,0,0,0,0
8120,8125,0,0,0,0,100,0,0,0,0,0,0,0,0,0,0,0
8125,8130,0,0,0,0,100,0,0,0,0,0,0,0,0,0,0,0
8130,8135,0,0,0,0,100,0,0,0,0,0,0,0,0,0,0,0
8135,8140,0,0,0,0,80,0,0,0,0,0,0,0,0,0,0,20
8140,8145,0,0,0,0,0,0,0,0,0,0,0,0,0,0,0,100
8145,8150,0,0,0,0,0,0,0,0,0,0,0,0,0,0,0,100
8150,8155,0,0,0,0,0,0,0,0,0,0,0,0,0,0,0,100
8155,8160,0,0,0,0,0,0,0,0,0,0,0,0,0,0,0,100
8160,8165,0,0,0,0,0,0,0,0,0,0,0,0,0,0,0,100
8165,8170,0,0,0,0,0,0,0,0,0,0,0,0,0,0,0,100
8170,8175,0,0,0,0,0,0,0,0,0,0,0,0,0,0,0,100
8175,8180,0,0,0,0,0,0,0,0,0,0,0,0,0,0,0,100
8180,8185,0,0,0,0,80,0,0,0,0,0,0,0,0,0,0,20
8185,8190,0,0,0,0,100,0,0,0,0,0,0,0,0,0,0,0
8190,8195,0,0,0,0,100,0,0,0,0,0,0,0,0,0,0,0
8195,8200,0,0,0,0,100,0,0,0,0,0,0,0,0,0,0,0
8200,8205,0,0,0,0,100,0,0,0,0,0,0,0,0,0,0,0
8205,8210,0,0,0,0,100,0,0,0,0,0,0,0,0,0,0,0
8210,8215,0,0,0,0,100,0,0,0,0,0,0,0,0,0,0,0
8215,8220,0,0,0,0,100,0,0,0,0,0,0,0,0,0,0,0
8220,8225,0,0,0,0,100,0,0,0,0,0,0,0,0,0,0,0
8225,8230,0,0,0,0,100,0,0,0,0,0,0,0,0,0,0,0
8230,8235,0,0,0,0,100,0,0,0,0,0,0,0,0,0,0,0
8235,8240,0,0,0,0,100,0,0,0,0,0,0,0,0,0,0,0
8240,8245,0,0,0,0,100,0,0,0,0,0,0,0,0,0,0,0
8245,8250,0,0,0,0,100,0,0,0,0,0,0,0,0,0,0,0
8250,8255,0,0,0,0,100,0,0,0,0,0,0,0,0,0,0,0
8255,8260,0,0,0,0,100,0,0,0,0,0,0,0,0,0,0,0
8260,8265,0,0,0,0,100,0,0,0,0,0,0,0,0,0,0,0
8265,8270,0,0,0,0,100,0,0,0,0,0,0,0,0,0,0,0
8270,8275,0,0,0,0,100,0,0,0,0,0,0,0,0,0,0,0
8275,8280,0,0,0,0,100,0,0,0,0,0,0,0,0,0,0,0
8280,8285,0,0,0,0,100,0,0,0,0,0,0,0,0,0,0,0
8285,8290,0,0,0,0,100,0,0,0,0,0,0,0,0,0,0,0
8290,8295,0,0,0,0,50,0,0,0,0,0,0,0,0,0,0,50
8295,8300,0,0,0,0,0,0,0,0,0,0,0,0,0,0,0,100
8300,8305,0,0,0,0,0,0,0,0,0,0,0,0,0,0,0,100
8305,8310,0,0,0,0,0,0,0,0,0,0,0,0,0,0,0,100
8310,8315,0,0,0,0,0,0,0,0,0,0,0,0,0,0,0,100
8315,8320,0,0,0,0,50,0,0,0,0,0,0,0,0,0,0,50
8320,8325,0,0,0,0,100,0,0,0,0,0,0,0,0,0,0,0
8325,8330,0,0,0,0,100,0,0,0,0,0,0,0,0,0,0,0
8330,8335,0,0,0,0,100,0,0,0,0,0,0,0,0,0,0,0
8335,8340,0,0,0,0,100,0,0,0,0,0,0,0,0,0,0,0
8340,8345,0,0,0,0,100,0,0,0,0,0,0,0,0,0,0,0
8345,8350,0,0,0,0,100,0,0,0,0,0,0,0,0,0,0,0
8350,8355,0,0,0,0,100,0,0,0,0,0,0,0,0,0,0,0
8355,8360,0,0,0,0,100,0,0,0,0,0,0,0,0,0,0,0
8360,8365,0,0,0,0,100,0,0,0,0,0,0,0,0,0,0,0
8365,8370,0,0,0,0,100,0,0,0,0,0,0,0,0,0,0,0
8370,8375,0,0,0,0,100,0,0,0,0,0,0,0,0,0,0,0
8375,8380,0,0,0,0,100,0,0,0,0,0,0,0,0,0,0,0
8380,8385,0,0,0,0,100,0,0,0,0,0,0,0,0,0,0,0
8385,8390,0,0,0,0,100,0,0,0,0,0,0,0,0,0,0,0
8390,8395,0,0,0,0,100,0,0,0,0,0,0,0,0,0,0,0
8395,8400,0,0,0,0,100,0,0,0,0,0,0,0,0,0,0,0
8400,8405,0,0,0,0,100,0,0,0,0,0,0,0,0,0,0,0
8405,8410,0,0,0,0,100,0,0,0,0,0,0,0,0,0,0,0
8410,8415,0,0,0,0,100,0,0,0,0,0,0,0,0,0,0,0
8415,8420,0,0,0,0,100,0,0,0,0,0,0,0,0,0,0,0
8420,8425,0,0,0,0,100,0,0,0,0,0,0,0,0,0,0,0
8425,8430,0,0,0,0,100,0,0,0,0,0,0,0,0,0,0,0
8430,8435,0,0,0,40,60,0,0,0,0,0,0,0,0,0,0,0
8435,8440,0,0,0,100,0,0,0,0,0,0,0,0,0,0,0,0
8440,8445,0,0,0,20,0,0,0,0,0,0,0,0,0,0,0,80
8445,8450,0,0,0,0,0,0,0,0,0,0,0,0,0,0,0,100
8450,8455,0,0,0,0,0,0,0,0,0,0,0,0,0,0,0,100
8455,8460,0,0,0,0,0,0,0,0,0,0,0,0,0,0,0,100
8460,8465,0,0,0,0,0,0,0,0,0,0,0,0,0,0,0,100
8465,8470,0,0,0,0,0,0,0,0,0,0,0,0,0,0,0,100
8470,8475,0,0,0,0,0,0,0,0,0,0,0,0,0,0,0,100
8475,8480,0,0,0,0,0,0,0,0,0,0,0,0,0,0,0,100
8480,8485,0,0,0,0,0,0,0,0,0,0,0,0,0,0,0,100
8485,8490,0,0,0,0,0,0,0,0,0,0,0,0,0,0,0,100
8490,8495,0,0,0,0,70,0,0,0,0,0,0,0,0,0,0,30
8495,8500,0,0,0,0,100,0,0,0,0,0,0,0,0,0,0,0
8500,8505,0,0,0,0,100,0,0,0,0,0,0,0,0,0,0,0
8505,8510,0,0,0,0,100,0,0,0,0,0,0,0,0,0,0,0
8510,8515,0,0,0,0,100,0,0,0,0,0,0,0,0,0,0,0
8515,8520,0,0,0,0,40,0,0,0,0,0,0,0,0,0,0,60
8520,8525,0,0,0,0,100,0,0,0,0,0,0,0,0,0,0,0
8525,8530,0,0,0,0,100,0,0,0,0,0,0,0,0,0,0,0
8530,8535,0,0,0,0,100,0,0,0,0,0,0,0,0,0,0,0
8535,8540,0,0,0,0,0,0,0,0,0,0,0,0,0,0,0,100
8540,8545,0,0,0,0,100,0,0,0,0,0,0,0,0,0,0,0
8545,8550,0,0,0,0,100,0,0,0,0,0,0,0,0,0,0,0
8550,8555,0,0,0,0,100,0,0,0,0,0,0,0,0,0,0,0
8555,8560,0,0,0,0,100,0,0,0,0,0,0,0,0,0,0,0
8560,8565,0,0,0,0,100,0,0,0,0,0,0,0,0,0,0,0
8565,8570,0,0,0,0,100,0,0,0,0,0,0,0,0,0,0,0
8570,8575,0,0,0,0,100,0,0,0,0,0,0,0,0,0,0,0
8575,8580,0,0,0,0,100,0,0,0,0,0,0,0,0,0,0,0
8580,8585,0,0,0,0,100,0,0,0,0,0,0,0,0,0,0,0
8585,8590,0,0,0,0,100,0,0,0,0,0,0,0,0,0,0,0
8590,8595,0,0,0,0,100,0,0,0,0,0,0,0,0,0,0,0
8595,8600,0,0,0,0,100,0,0,0,0,0,0,0,0,0,0,0
8600,8605,0,0,0,0,100,0,0,0,0,0,0,0,0,0,0,0
8605,8610,0,0,0,0,100,0,0,0,0,0,0,0,0,0,0,0
8610,8615,0,0,0,0,100,0,0,0,0,0,0,0,0,0,0,0
8615,8620,0,0,0,0,100,0,0,0,0,0,0,0,0,0,0,0
8620,8625,0,0,0,0,100,0,0,0,0,0,0,0,0,0,0,0
8625,8630,0,0,0,0,100,0,0,0,0,0,0,0,0,0,0,0
8630,8635,0,0,0,0,100,0,0,0,0,0,0,0,0,0,0,0
8635,8640,0,0,0,0,100,0,0,0,0,0,0,0,0,0,0,0
8640,8645,0,0,0,0,100,0,0,0,0,0,0,0,0,0,0,0
8645,8650,0,0,0,0,100,0,0,0,0,0,0,0,0,0,0,0
8650,8655,0,0,0,0,100,0,0,0,0,0,0,0,0,0,0,0
8655,8660,0,0,0,0,100,0,0,0,0,0,0,0,0,0,0,0
8660,8665,0,0,0,0,100,0,0,0,0,0,0,0,0,0,0,0
8665,8670,0,0,0,0,100,0,0,0,0,0,0,0,0,0,0,0
8670,8675,0,0,0,0,100,0,0,0,0,0,0,0,0,0,0,0
8675,8680,0,0,0,0,100,0,0,0,0,0,0,0,0,0,0,0
8680,8685,0,0,0,0,100,0,0,0,0,0,0,0,0,0,0,0
8685,8690,0,0,0,0,100,0,0,0,0,0,0,0,0,0,0,0
8690,8695,0,0,0,0,90,0,0,0,0,0,0,0,0,0,0,10
8695,8700,0,0,0,0,0,0,0,0,0,0,0,0,0,0,0,100
8700,8705,0,0,0,0,90,0,0,0,0,0,0,0,0,0,0,10
8705,8710,0,0,0,0,100,0,0,0,0,0,0,0,0,0,0,0
8710,8715,0,0,0,0,100,0,0,0,0,0,0,0,0,0,0,0
8715,8720,0,0,0,0,100,0,0,0,0,0,0,0,0,0,0,0
8720,8725,0,0,0,0,100,0,0,0,0,0,0,0,0,0,0,0
8725,8730,0,0,0,0,100,0,0,0,0,0,0,0,0,0,0,0
8730,8735,0,0,0,0,100,0,0,0,0,0,0,0,0,0,0,0
8735,8740,0,0,0,0,90,0,0,0,0,0,0,0,0,0,0,10
8740,8745,0,0,0,0,0,0,0,0,0,0,0,0,0,0,0,100
8745,8750,0,0,0,0,0,0,0,0,0,0,0,0,0,0,0,100
8750,8755,0,0,0,0,0,0,0,0,0,0,0,0,0,0,0,100
8755,8760,0,0,0,0,0,0,0,0,0,0,0,0,0,0,0,100
8760,8765,0,0,0,0,0,0,0,0,0,0,0,0,0,0,0,100
8765,8770,0,0,0,0,0,0,0,0,0,0,0,0,0,0,0,100
8770,8775,0,0,0,0,0,0,0,0,0,0,0,0,0,0,0,100
8775,8780,0,0,0,0,10,0,0,0,0,0,0,0,0,0,0,90
8780,8785,0,0,0,0,100,0,0,0,0,0,0,0,0,0,0,0
8785,8790,0,0,0,0,100,0,0,0,0,0,0,0,0,0,0,0
8790,8795,0,0,0,0,100,0,0,0,0,0,0,0,0,0,0,0
8795,8800,0,0,0,0,100,0,0,0,0,0,0,0,0,0,0,0
8800,8805,0,0,0,0,0,0,0,0,0,0,0,0,0,0,0,100
8805,8810,0,0,0,0,0,0,0,0,0,0,0,0,0,0,0,100
8810,8815,0,0,0,100,0,0,0,0,0,0,0,0,0,0,0,0
8815,8820,0,0,0,100,0,0,0,0,0,0,0,0,0,0,0,0
8820,8825,0,0,0,0,100,0,0,0,0,0,0,0,0,0,0,0
8825,8830,0,0,0,0,100,0,0,0,0,0,0,0,0,0,0,0
8830,8835,0,0,0,0,100,0,0,0,0,0,0,0,0,0,0,0
8835,8840,0,0,0,0,100,0,0,0,0,0,0,0,0,0,0,0
8840,8845,0,0,0,0,100,0,0,0,0,0,0,0,0,0,0,0
8845,8850,0,0,0,0,100,0,0,0,0,0,0,0,0,0,0,0
8850,8855,0,0,0,0,100,0,0,0,0,0,0,0,0,0,0,0
8855,8860,0,0,0,0,100,0,0,0,0,0,0,0,0,0,0,0
8860,8865,0,0,0,0,100,0,0,0,0,0,0,0,0,0,0,0
8865,8870,0,0,0,0,100,0,0,0,0,0,0,0,0,0,0,0
8870,8875,0,0,0,0,100,0,0,0,0,0,0,0,0,0,0,0
8875,8880,0,0,0,0,100,0,0,0,0,0,0,0,0,0,0,0
8880,8885,0,0,0,0,100,0,0,0,0,0,0,0,0,0,0,0
8885,8890,0,0,0,0,100,0,0,0,0,0,0,0,0,0,0,0
8890,8895,0,0,0,0,100,0,0,0,0,0,0,0,0,0,0,0
8895,8900,0,0,0,0,100,0,0,0,0,0,0,0,0,0,0,0
8900,8905,0,0,0,0,0,0,0,0,0,0,0,0,0,0,0,100
8905,8910,0,0,0,0,0,0,0,0,0,0,0,0,0,0,0,100
8910,8915,0,0,0,0,0,0,0,0,0,0,0,0,0,0,0,100
8915,8920,0,0,0,0,0,0,0,0,0,0,0,0,0,0,0,100
8920,8925,0,0,0,0,0,0,0,0,0,0,0,0,0,0,0,100
8925,8930,0,0,0,0,0,0,0,0,0,0,0,0,0,0,0,100
8930,8935,0,0,0,0,100,0,0,0,0,0,0,0,0,0,0,0
8935,8940,0,0,0,0,100,0,0,0,0,0,0,0,0,0,0,0
8940,8945,0,0,0,0,100,0,0,0,0,0,0,0,0,0,0,0
8945,8950,0,0,0,0,100,0,0,0,0,0,0,0,0,0,0,0
8950,8955,0,0,0,0,90,0,0,0,0,0,0,0,10,0,0,0
8955,8960,0,0,0,0,100,0,0,0,0,0,0,0,0,0,0,0
8960,8965,0,0,0,0,100,0,0,0,0,0,0,0,0,0,0,0
8965,8970,0,0,0,0,100,0,0,0,0,0,0,0,0,0,0,0
8970,8975,0,0,0,0,90,0,0,0,0,0,0,0,10,0,0,0
8975,8980,0,0,0,0,100,0,0,0,0,0,0,0,0,0,0,0
8980,8985,0,0,0,0,100,0,0,0,0,0,0,0,0,0,0,0
8985,8990,0,0,0,0,100,0,0,0,0,0,0,0,0,0,0,0
8990,8995,0,0,0,0,90,0,0,0,0,0,0,0,10,0,0,0
8995,9000,0,0,0,0,100,0,0,0,0,0,0,0,0,0,0,0
9000,9005,0,0,0,0,80,0,0,0,0,0,0,0,20,0,0,0
9005,9010,0,0,0,0,90,0,0,0,0,0,0,0,10,0,0,0
9010,9015,0,0,0,0,80,0,0,0,0,0,0,0,20,0,0,0
9015,9020,0,0,0,0,100,0,0,0,0,0,0,0,0,0,0,0
9020,9025,0,0,0,0,0,0,0,0,0,0,0,0,0,0,0,100
9025,9030,0,0,0,0,0,0,0,0,0,0,0,0,0,0,0,100
9030,9035,0,0,0,0,0,0,0,0,0,0,0,0,0,0,0,100
9035,9040,0,0,0,0,0,0,0,0,0,0,0,0,0,0,0,100
9040,9045,0,0,0,0,100,0,0,0,0,0,0,0,0,0,0,0
9045,9050,0,0,0,0,90,0,0,0,0,0,0,0,10,0,0,0
9050,9055,0,0,0,0,80,0,0,0,0,0,0,0,20,0,0,0
9055,9060,0,0,0,0,80,0,0,0,0,0,0,0,20,0,0,0
9060,9065,0,0,0,0,100,0,0,0,0,0,0,0,0,0,0,0
9065,9070,0,0,0,0,70,0,0,0,0,0,0,0,30,0,0,0
9070,9075,0,0,0,0,90,0,0,0,0,0,0,0,10,0,0,0
9075,9080,0,0,0,0,90,0,0,0,0,0,0,0,10,0,0,0
9080,9085,0,0,0,0,90,0,0,0,0,0,0,0,10,0,0,0
9085,9090,0,0,0,0,70,0,0,0,0,0,0,0,30,0,0,0
9090,9095,0,0,0,0,70,0,0,0,0,0,0,0,10,0,0,20
9095,9100,0,0,0,0,0,0,0,0,0,0,0,0,0,0,0,100
9100,9105,0,0,0,0,0,0,0,0,0,0,0,0,0,0,0,100
9105,9110,0,0,0,0,0,0,0,0,0,0,0,0,0,0,0,100
9110,9115,0,0,0,0,0,0,0,0,0,0,0,0,0,0,0,100
9115,9120,0,0,0,0,40,0,0,0,0,0,0,0,20,0,0,40
9120,9125,0,0,0,0,90,0,0,0,0,0,0,0,10,0,0,0
9125,9130,0,0,0,0,80,0,0,0,0,0,0,0,20,0,0,0
9130,9135,0,0,0,0,80,0,0,0,0,0,0,0,20,0,0,0
9135,9140,0,0,0,0,90,0,0,0,0,0,0,0,10,0,0,0
9140,9145,0,0,0,0,90,0,0,0,0,0,0,0,10,0,0,0
9145,9150,0,0,0,0,90,0,0,0,0,0,0,0,10,0,0,0
9150,9155,0,0,0,0,80,0,0,0,0,0,0,0,20,0,0,0
9155,9160,0,0,0,0,90,0,0,0,0,0,0,0,10,0,0,0
9160,9165,0,0,0,0,90,0,0,0,0,0,0,0,10,0,0,0
9165,9170,0,0,0,0,100,0,0,0,0,0,0,0,0,0,0,0
9170,9175,0,0,0,0,80,0,0,0,0,0,0,0,20,0,0,0
9175,9180,0,0,0,0,100,0,0,0,0,0,0,0,0,0,0,0
9180,9185,0,0,0,0,80,0,0,0,0,0,0,0,20,0,0,0
9185,9190,0,0,0,0,100,0,0,0,0,0,0,0,0,0,0,0
9190,9195,0,0,0,0,80,0,0,0,0,0,0,0,20,0,0,0
9195,9200,0,0,0,0,90,0,0,0,0,0,0,0,10,0,0,0
9200,9205,0,0,0,0,80,0,0,0,0,0,0,0,20,0,0,0
9205,9210,0,0,0,0,100,0,0,0,0,0,0,0,0,0,0,0
9210,9215,0,0,0,0,90,0,0,0,0,0,0,0,10,0,0,0
9215,9220,0,0,0,0,90,0,0,0,0,0,0,0,10,0,0,0
9220,9225,0,0,0,0,80,0,0,0,0,0,0,0,20,0,0,0
9225,9230,0,0,0,0,100,0,0,0,0,0,0,0,0,0,0,0
9230,9235,0,0,0,0,90,0,0,0,0,0,0,0,10,0,0,0
9235,9240,0,0,0,0,80,0,0,0,0,0,0,0,20,0,0,0
9240,9245,0,0,0,0,90,0,0,0,0,0,0,0,10,0,0,0
9245,9250,0,0,0,0,90,0,0,0,0,0,0,0,10,0,0,0
9250,9255,0,0,0,0,90,0,0,0,0,0,0,0,10,0,0,0
9255,9260,0,0,0,0,40,0,0,0,0,0,0,0,0,0,0,60
9260,9265,0,0,0,0,100,0,0,0,0,0,0,0,0,0,0,0
9265,9270,0,0,0,0,90,0,0,0,0,0,0,0,10,0,0,0
9270,9275,0,0,0,0,80,0,0,0,0,0,0,0,20,0,0,0
9275,9280,0,0,0,0,80,0,0,0,0,0,0,0,20,0,0,0
9280,9285,0,0,0,0,90,0,0,0,0,0,0,0,10,0,0,0
9285,9290,0,0,0,0,80,0,0,0,0,0,0,0,20,0,0,0
9290,9295,0,0,0,0,90,0,0,0,0,0,0,0,10,0,0,0
9295,9300,0,0,0,0,70,0,0,0,0,0,0,0,30,0,0,0
9300,9305,0,0,0,0,100,0,0,0,0,0,0,0,0,0,0,0
9305,9310,0,0,0,0,90,0,0,0,0,0,0,0,10,0,0,0
9310,9315,0,0,0,0,100,0,0,0,0,0,0,0,0,0,0,0
9315,9320,0,0,0,0,50,0,0,0,0,0,0,0,20,0,0,30
9320,9325,0,0,0,0,0,0,0,0,0,0,0,0,0,0,0,100
9325,9330,0,0,0,0,0,0,0,0,0,0,0,0,0,0,0,100
9330,9335,0,0,0,0,0,0,0,0,0,0,0,0,0,0,0,100
9335,9340,0,0,0,0,0,0,0,0,0,0,0,0,0,0,0,100
9340,9345,0,0,0,0,0,0,0,0,0,0,0,0,0,0,0,100
9345,9350,0,0,0,0,10,0,0,0,0,0,0,0,10,0,0,80
9350,9355,0,0,0,0,100,0,0,0,0,0,0,0,0,0,0,0
9355,9360,0,0,0,0,100,0,0,0,0,0,0,0,0,0,0,0
9360,9365,0,0,0,0,100,0,0,0,0,0,0,0,0,0,0,0
9365,9370,0,0,0,0,80,0,0,0,0,0,0,0,20,0,0,0
9370,9375,0,0,0,0,100,0,0,0,0,0,0,0,0,0,0,0
9375,9380,0,0,0,0,90,0,0,0,0,0,0,0,10,0,0,0
9380,9385,0,0,0,0,20,0,0,0,0,0,0,0,0,0,0,80
9385,9390,0,0,0,0,0,0,0,0,0,0,0,0,0,0,0,100
9390,9395,0,0,0,0,0,0,0,0,0,0,0,0,0,0,0,100
9395,9400,0,0,0,0,0,0,0,0,0,0,0,0,0,0,0,100
9400,9405,0,0,0,0,0,0,0,0,0,0,0,0,0,0,0,100
9405,9410,0,0,0,0,10,0,0,0,0,0,0,0,10,0,0,80
9410,9415,0,0,0,0,100,0,0,0,0,0,0,0,0,0,0,0
9415,9420,0,0,0,0,90,0,0,0,0,0,0,0,10,0,0,0
9420,9425,0,0,0,0,100,0,0,0,0,0,0,0,0,0,0,0
9425,9430,0,0,0,0,90,0,0,0,0,0,0,0,10,0,0,0
9430,9435,0,0,0,0,70,0,0,0,0,0,0,0,0,0,0,30
9435,9440,0,0,0,0,70,0,0,0,0,0,0,0,0,0,0,30
9440,9445,0,0,0,0,100,0,0,0,0,0,0,0,0,0,0,0
9445,9450,0,0,0,0,90,0,0,0,0,0,0,0,10,0,0,0
9450,9455,0,0,0,0,40,0,0,0,0,0,0,0,0,0,0,60
9455,9460,0,0,0,0,40,0,0,0,0,0,0,0,0,0,0,60
9460,9465,0,0,0,0,100,0,0,0,0,0,0,0,0,0,0,0
9465,9470,0,0,0,0,100,0,0,0,0,0,0,0,0,0,0,0
9470,9475,0,0,0,0,100,0,0,0,0,0,0,0,0,0,0,0
9475,9480,0,0,0,0,100,0,0,0,0,0,0,0,0,0,0,0
9480,9485,0,0,0,0,100,0,0,0,0,0,0,0,0,0,0,0
9485,9490,0,0,0,0,100,0,0,0,0,0,0,0,0,0,0,0
9490,9495,0,0,0,0,100,0,0,0,0,0,0,0,0,0,0,0
9495,9500,0,0,0,0,100,0,0,0,0,0,0,0,0,0,0,0
9500,9505,0,0,0,100,0,0,0,0,0,0,0,0,0,0,0,0
9505,9510,0,0,0,100,0,0,0,0,0,0,0,0,0,0,0,0
9510,9515,0,0,0,0,0,0,0,0,0,0,0,0,0,0,0,100
9515,9520,0,0,0,0,0,0,0,0,0,0,0,0,0,0,0,100
9520,9525,0,0,0,0,100,0,0,0,0,0,0,0,0,0,0,0
9525,9530,0,0,0,0,100,0,0,0,0,0,0,0,0,0,0,0
9530,9535,0,0,0,0,100,0,0,0,0,0,0,0,0,0,0,0
9535,9540,0,0,0,0,100,0,0,0,0,0,0,0,0,0,0,0
9540,9545,0,0,0,0,100,0,0,0,0,0,0,0,0,0,0,0
9545,9550,0,0,0,0,100,0,0,0,0,0,0,0,0,0,0,0
9550,9555,0,0,0,0,100,0,0,0,0,0,0,0,0,0,0,0
9555,9560,0,0,0,0,100,0,0,0,0,0,0,0,0,0,0,0
9560,9565,0,0,0,100,0,0,0,0,0,0,0,0,0,0,0,0
9565,9570,0,0,0,100,0,0,0,0,0,0,0,0,0,0,0,0
9570,9575,0,0,0,0,100,0,0,0,0,0,0,0,0,0,0,0
9575,9580,0,0,0,0,100,0,0,0,0,0,0,0,0,0,0,0
9580,9585,0,0,0,0,90,0,0,0,0,0,0,0,10,0,0,0
9585,9590,0,0,0,0,100,0,0,0,0,0,0,0,0,0,0,0
9590,9595,0,0,0,0,100,0,0,0,0,0,0,0,0,0,0,0
9595,9600,0,0,0,0,100,0,0,0,0,0,0,0,0,0,0,0
9600,9605,0,0,0,0,0,0,0,0,0,0,0,0,0,0,0,100
9605,9610,0,0,0,0,0,0,0,0,0,0,0,0,0,0,0,100
9610,9615,0,0,0,0,100,0,0,0,0,0,0,0,0,0,0,0
9615,9620,0,0,0,0,100,0,0,0,0,0,0,0,0,0,0,0
9620,9625,0,0,0,0,100,0,0,0,0,0,0,0,0,0,0,0
9625,9630,0,0,0,0,100,0,0,0,0,0,0,0,0,0,0,0
9630,9635,0,0,0,0,100,0,0,0,0,0,0,0,0,0,0,0
9635,9640,0,0,0,0,100,0,0,0,0,0,0,0,0,0,0,0
9640,9645,0,0,0,0,100,0,0,0,0,0,0,0,0,0,0,0
9645,9650,0,0,0,0,100,0,0,0,0,0,0,0,0,0,0,0
9650,9655,0,0,0,0,100,0,0,0,0,0,0,0,0,0,0,0
9655,9660,0,0,0,0,50,0,0,0,0,0,0,0,0,0,0,50
9660,9665,0,0,0,0,100,0,0,0,0,0,0,0,0,0,0,0
9665,9670,0,0,0,0,100,0,0,0,0,0,0,0,0,0,0,0
9670,9675,0,0,0,0,40,0,0,0,0,0,0,0,0,0,0,60
9675,9680,0,0,0,0,0,0,0,0,0,0,0,0,0,0,0,100
9680,9685,0,0,0,0,70,0,0,0,0,0,0,0,0,0,0,30
9685,9690,0,0,0,0,100,0,0,0,0,0,0,0,0,0,0,0
9690,9695,0,0,0,0,100,0,0,0,0,0,0,0,0,0,0,0
9695,9700,0,0,0,0,100,0,0,0,0,0,0,0,0,0,0,0
9700,9705,0,0,0,0,100,0,0,0,0,0,0,0,0,0,0,0
9705,9710,0,0,0,0,100,0,0,0,0,0,0,0,0,0,0,0
9710,9715,0,0,0,0,100,0,0,0,0,0,0,0,0,0,0,0
9715,9720,0,0,0,0,100,0,0,0,0,0,0,0,0,0,0,0
9720,9725,0,0,0,0,100,0,0,0,0,0,0,0,0,0,0,0
9725,9730,0,0,0,0,60,0,0,0,0,0,0,0,0,0,0,40
9730,9735,0,0,0,0,100,0,0,0,0,0,0,0,0,0,0,0
9735,9740,0,0,0,0,100,0,0,0,0,0,0,0,0,0,0,0
9740,9745,0,0,0,0,100,0,0,0,0,0,0,0,0,0,0,0
9745,9750,0,0,0,0,100,0,0,0,0,0,0,0,0,0,0,0
9750,9755,0,0,0,0,60,0,0,0,0,0,0,0,0,0,0,40
9755,9760,0,0,0,0,60,0,0,0,0,0,0,0,0,0,0,40
9760,9765,0,0,0,0,100,0,0,0,0,0,0,0,0,0,0,0
9765,9770,0,0,0,0,100,0,0,0,0,0,0,0,0,0,0,0
9770,9775,0,0,0,0,100,0,0,0,0,0,0,0,0,0,0,0
9775,9780,0,0,0,0,100,0,0,0,0,0,0,0,0,0,0,0
9780,9785,0,0,0,0,100,0,0,0,0,0,0,0,0,0,0,0
9785,9790,0,0,0,0,100,0,0,0,0,0,0,0,0,0,0,0
9790,9795,0,0,0,0,100,0,0,0,0,0,0,0,0,0,0,0
9795,9800,0,0,0,0,100,0,0,0,0,0,0,0,0,0,0,0
9800,9805,0,0,0,0,100,0,0,0,0,0,0,0,0,0,0,0
9805,9810,0,0,0,0,100,0,0,0,0,0,0,0,0,0,0,0
9810,9815,0,0,0,0,100,0,0,0,0,0,0,0,0,0,0,0
9815,9820,0,0,0,0,100,0,0,0,0,0,0,0,0,0,0,0
9820,9825,0,0,0,20,80,0,0,0,0,0,0,0,0,0,0,0
9825,9830,0,0,0,20,80,0,0,0,0,0,0,0,0,0,0,0
9830,9835,0,0,0,0,100,0,0,0,0,0,0,0,0,0,0,0
9835,9840,0,0,0,0,100,0,0,0,0,0,0,0,0,0,0,0
9840,9845,0,0,0,0,100,0,0,0,0,0,0,0,0,0,0,0
9845,9850,0,0,0,0,100,0,0,0,0,0,0,0,0,0,0,0
9850,9855,0,0,0,0,90,0,0,0,0,0,0,0,0,0,0,10
9855,9860,0,0,0,0,90,0,0,0,0,0,0,0,0,0,0,10
9860,9865,0,0,0,0,80,0,0,0,0,0,0,0,0,0,0,20
9865,9870,0,0,0,0,80,0,0,0,0,0,0,0,0,0,0,20
9870,9875,0,0,0,0,80,0,0,0,0,0,0,0,0,0,0,20
9875,9880,0,0,0,0,80,0,0,0,0,0,0,0,0,0,0,20
9880,9885,0,0,0,0,100,0,0,0,0,0,0,0,0,0,0,0
9885,9890,0,0,0,0,100,0,0,0,0,0,0,0,0,0,0,0
9890,9895,0,0,0,0,60,0,0,0,0,0,0,0,0,0,0,40
9895,9900,0,0,0,0,60,0,0,0,0,0,0,0,0,0,0,40
9900,9905,0,0,0,0,60,0,0,0,0,0,0,0,0,0,0,40
9905,9910,0,0,0,0,60,0,0,0,0,0,0,0,0,0,0,40
9910,9915,0,0,0,0,100,0,0,0,0,0,0,0,0,0,0,0
9915,9920,0,0,0,0,100,0,0,0,0,0,0,0,0,0,0,0
9920,9925,0,0,0,0,100,0,0,0,0,0,0,0,0,0,0,0
9925,9930,0,0,0,0,100,0,0,0,0,0,0,0,0,0,0,0
9930,9935,0,0,0,0,100,0,0,0,0,0,0,0,0,0,0,0
9935,9940,0,0,0,0,100,0,0,0,0,0,0,0,0,0,0,0
9940,9945,0,0,0,0,100,0,0,0,0,0,0,0,0,0,0,0
9945,9950,0,0,0,0,100,0,0,0,0,0,0,0,0,0,0,0
9950,9955,0,0,0,0,100,0,0,0,0,0,0,0,0,0,0,0
9955,9960,0,0,0,0,100,0,0,0,0,0,0,0,0,0,0,0
9960,9965,0,0,0,0,90,0,0,0,0,0,0,0,0,0,0,10
9965,9970,0,0,0,0,0,0,0,0,0,0,0,0,0,0,0,100
9970,9975,0,0,0,0,80,0,0,0,0,0,0,0,0,0,0,20
9975,9980,0,0,0,0,100,0,0,0,0,0,0,0,0,0,0,0
9980,9985,0,0,0,0,100,0,0,0,0,0,0,0,0,0,0,0
9985,9990,0,0,0,0,100,0,0,0,0,0,0,0,0,0,0,0
9990,9995,0,0,0,0,100,0,0,0,0,0,0,0,0,0,0,0
9995,10000,0,0,0,0,70,0,0,0,0,0,0,0,0,0,0,30
10000,10005,0,0,0,0,100,0,0,0,0,0,0,0,0,0,0,0
10005,10010,0,0,0,0,100,0,0,0,0,0,0,0,0,0,0,0
10010,10015,0,0,0,0,100,0,0,0,0,0,0,0,0,0,0,0
10015,10020,0,0,0,0,100,0,0,0,0,0,0,0,0,0,0,0
10020,10025,0,0,0,10,90,0,0,0,0,0,0,0,0,0,0,0
10025,10030,0,0,0,100,0,0,0,0,0,0,0,0,0,0,0,0
10030,10035,0,0,0,20,80,0,0,0,0,0,0,0,0,0,0,0
10035,10040,0,0,0,0,100,0,0,0,0,0,0,0,0,0,0,0
10040,10045,0,0,0,0,100,0,0,0,0,0,0,0,0,0,0,0
10045,10050,0,0,0,0,100,0,0,0,0,0,0,0,0,0,0,0
10050,10055,0,0,0,0,100,0,0,0,0,0,0,0,0,0,0,0
10055,10060,0,0,0,0,100,0,0,0,0,0,0,0,0,0,0,0
10060,10065,0,0,0,0,100,0,0,0,0,0,0,0,0,0,0,0
10065,10070,0,0,0,0,100,0,0,0,0,0,0,0,0,0,0,0
10070,10075,0,0,0,0,100,0,0,0,0,0,0,0,0,0,0,0
10075,10080,0,0,0,0,100,0,0,0,0,0,0,0,0,0,0,0
10080,10085,0,0,0,0,100,0,0,0,0,0,0,0,0,0,0,0
10085,10090,0,0,0,0,100,0,0,0,0,0,0,0,0,0,0,0
10090,10095,0,0,0,0,100,0,0,0,0,0,0,0,0,0,0,0
10095,10100,0,0,0,0,100,0,0,0,0,0,0,0,0,0,0,0
10100,10105,0,0,0,0,100,0,0,0,0,0,0,0,0,0,0,0
10105,10110,0,0,0,0,100,0,0,0,0,0,0,0,0,0,0,0
10110,10115,0,0,0,0,100,0,0,0,0,0,0,0,0,0,0,0
10115,10120,0,0,0,0,100,0,0,0,0,0,0,0,0,0,0,0
10120,10125,0,0,0,0,100,0,0,0,0,0,0,0,0,0,0,0
10125,10130,0,0,0,0,100,0,0,0,0,0,0,0,0,0,0,0
10130,10135,0,0,0,0,100,0,0,0,0,0,0,0,0,0,0,0
10135,10140,0,0,0,0,60,0,0,0,0,0,0,0,0,0,0,40
10140,10145,0,0,0,0,100,0,0,0,0,0,0,0,0,0,0,0
10145,10150,0,0,0,0,100,0,0,0,0,0,0,0,0,0,0,0
10150,10155,0,0,0,0,100,0,0,0,0,0,0,0,0,0,0,0
10155,10160,0,0,0,0,100,0,0,0,0,0,0,0,0,0,0,0
10160,10165,0,0,0,0,100,0,0,0,0,0,0,0,0,0,0,0
10165,10170,0,0,0,0,100,0,0,0,0,0,0,0,0,0,0,0
10170,10175,0,0,0,0,100,0,0,0,0,0,0,0,0,0,0,0
10175,10180,0,0,0,0,100,0,0,0,0,0,0,0,0,0,0,0
10180,10185,0,0,0,0,100,0,0,0,0,0,0,0,0,0,0,0
10185,10190,0,0,0,0,100,0,0,0,0,0,0,0,0,0,0,0
10190,10195,0,0,0,0,100,0,0,0,0,0,0,0,0,0,0,0
10195,10200,0,0,0,0,100,0,0,0,0,0,0,0,0,0,0,0
10200,10205,0,0,0,0,100,0,0,0,0,0,0,0,0,0,0,0
10205,10210,0,0,0,0,100,0,0,0,0,0,0,0,0,0,0,0
10210,10215,0,0,0,0,100,0,0,0,0,0,0,0,0,0,0,0
10215,10220,0,0,0,0,100,0,0,0,0,0,0,0,0,0,0,0
10220,10225,0,0,0,0,100,0,0,0,0,0,0,0,0,0,0,0
10225,10230,0,0,0,0,100,0,0,0,0,0,0,0,0,0,0,0
10230,10235,0,0,0,0,100,0,0,0,0,0,0,0,0,0,0,0
10235,10240,0,0,0,0,100,0,0,0,0,0,0,0,0,0,0,0
10240,10245,0,0,0,0,100,0,0,0,0,0,0,0,0,0,0,0
10245,10250,0,0,0,0,100,0,0,0,0,0,0,0,0,0,0,0
10250,10255,0,0,0,0,100,0,0,0,0,0,0,0,0,0,0,0
10255,10260,0,0,0,0,100,0,0,0,0,0,0,0,0,0,0,0
10260,10265,0,0,0,0,100,0,0,0,0,0,0,0,0,0,0,0
10265,10270,0,0,0,0,100,0,0,0,0,0,0,0,0,0,0,0
10270,10275,0,0,0,0,100,0,0,0,0,0,0,0,0,0,0,0
10275,10280,0,0,0,0,60,0,0,0,0,0,0,0,0,0,0,40
10280,10285,0,0,0,0,100,0,0,0,0,0,0,0,0,0,0,0
10285,10290,0,0,0,0,100,0,0,0,0,0,0,0,0,0,0,0
10290,10295,0,0,0,0,100,0,0,0,0,0,0,0,0,0,0,0
10295,10300,0,0,0,0,100,0,0,0,0,0,0,0,0,0,0,0
10300,10305,0,0,0,0,100,0,0,0,0,0,0,0,0,0,0,0
10305,10310,0,0,0,0,100,0,0,0,0,0,0,0,0,0,0,0
10310,10315,0,0,0,0,100,0,0,0,0,0,0,0,0,0,0,0
10315,10320,0,0,0,0,100,0,0,0,0,0,0,0,0,0,0,0
10320,10325,0,0,0,0,90,0,0,0,0,0,0,0,0,0,0,10
10325,10330,0,0,0,0,0,0,0,0,0,0,0,0,0,0,0,100
10330,10335,0,0,0,0,0,0,0,0,0,0,0,0,0,0,0,100
10335,10340,0,0,0,0,0,0,0,0,0,0,0,0,0,0,0,100
10340,10345,0,0,0,0,70,0,0,0,0,0,0,0,0,0,0,30
10345,10350,0,0,0,0,100,0,0,0,0,0,0,0,0,0,0,0
10350,10355,0,0,0,0,100,0,0,0,0,0,0,0,0,0,0,0
10355,10360,0,0,0,0,100,0,0,0,0,0,0,0,0,0,0,0
10360,10365,0,0,0,0,100,0,0,0,0,0,0,0,0,0,0,0
10365,10370,0,0,0,0,100,0,0,0,0,0,0,0,0,0,0,0
10370,10375,0,0,0,0,100,0,0,0,0,0,0,0,0,0,0,0
10375,10380,0,0,0,0,100,0,0,0,0,0,0,0,0,0,0,0
10380,10385,0,0,0,0,100,0,0,0,0,0,0,0,0,0,0,0
10385,10390,0,0,0,0,100,0,0,0,0,0,0,0,0,0,0,0
10390,10395,0,0,0,0,100,0,0,0,0,0,0,0,0,0,0,0
10395,10400,0,0,0,0,40,0,0,0,0,0,0,0,0,0,0,60
10400,10405,0,0,0,0,100,0,0,0,0,0,0,0,0,0,0,0
10405,10410,0,0,0,0,100,0,0,0,0,0,0,0,0,0,0,0
10410,10415,0,0,0,0,100,0,0,0,0,0,0,0,0,0,0,0
10415,10420,0,0,0,0,100,0,0,0,0,0,0,0,0,0,0,0
10420,10425,0,0,0,0,100,0,0,0,0,0,0,0,0,0,0,0
10425,10430,0,0,0,0,100,0,0,0,0,0,0,0,0,0,0,0
10430,10435,0,0,0,0,100,0,0,0,0,0,0,0,0,0,0,0
10435,10440,0,0,0,0,100,0,0,0,0,0,0,0,0,0,0,0
10440,10445,0,0,0,0,100,0,0,0,0,0,0,0,0,0,0,0
10445,10450,0,0,0,0,50,0,0,0,0,0,0,0,0,0,0,50
10450,10455,0,0,0,0,0,0,0,0,0,0,0,0,0,0,0,100
10455,10460,0,0,0,0,0,0,0,0,0,0,0,0,0,0,0,100
10460,10465,0,0,0,0,0,0,0,0,0,0,0,0,0,0,0,100
10465,10470,0,0,0,0,50,0,0,0,0,0,0,0,0,0,0,50
10470,10475,0,0,0,0,100,0,0,0,0,0,0,0,0,0,0,0
10475,10480,0,0,0,0,100,0,0,0,0,0,0,0,0,0,0,0
10480,10485,0,0,0,0,100,0,0,0,0,0,0,0,0,0,0,0
10485,10490,0,0,0,0,100,0,0,0,0,0,0,0,0,0,0,0
10490,10495,0,0,0,0,100,0,0,0,0,0,0,0,0,0,0,0
10495,10500,0,0,0,0,100,0,0,0,0,0,0,0,0,0,0,0
10500,10505,0,0,0,0,100,0,0,0,0,0,0,0,0,0,0,0
10505,10510,0,0,0,0,100,0,0,0,0,0,0,0,0,0,0,0
10510,10515,0,0,0,0,100,0,0,0,0,0,0,0,0,0,0,0
10515,10520,0,0,0,0,100,0,0,0,0,0,0,0,0,0,0,0
10520,10525,0,0,0,0,50,0,0,0,0,0,0,0,0,0,0,50
10525,10530,0,0,0,0,40,0,0,0,0,0,0,0,0,0,0,60
10530,10535,0,0,0,0,70,0,0,0,0,0,0,0,0,0,0,30
10535,10540,0,0,0,0,80,0,0,0,0,0,0,0,0,0,0,20
10540,10545,0,0,0,0,100,0,0,0,0,0,0,0,0,0,0,0
10545,10550,0,0,0,0,100,0,0,0,0,0,0,0,0,0,0,0
10550,10555,0,0,0,0,100,0,0,0,0,0,0,0,0,0,0,0
10555,10560,0,0,0,0,100,0,0,0,0,0,0,0,0,0,0,0
10560,10565,0,0,0,0,100,0,0,0,0,0,0,0,0,0,0,0
10565,10570,0,0,0,0,100,0,0,0,0,0,0,0,0,0,0,0
10570,10575,0,0,0,0,100,0,0,0,0,0,0,0,0,0,0,0
10575,10580,0,0,0,0,100,0,0,0,0,0,0,0,0,0,0,0
10580,10585,0,0,0,0,100,0,0,0,0,0,0,0,0,0,0,0
10585,10590,0,0,0,0,100,0,0,0,0,0,0,0,0,0,0,0
10590,10595,0,0,0,0,100,0,0,0,0,0,0,0,0,0,0,0
10595,10600,0,0,0,0,100,0,0,0,0,0,0,0,0,0,0,0
10600,10605,0,0,0,0,100,0,0,0,0,0,0,0,0,0,0,0
10605,10610,0,0,0,0,100,0,0,0,0,0,0,0,0,0,0,0
10610,10615,0,0,0,0,100,0,0,0,0,0,0,0,0,0,0,0
10615,10620,0,0,0,0,100,0,0,0,0,0,0,0,0,0,0,0
10620,10625,0,0,0,0,100,0,0,0,0,0,0,0,0,0,0,0
10625,10630,0,0,0,0,100,0,0,0,0,0,0,0,0,0,0,0
10630,10635,0,0,0,0,100,0,0,0,0,0,0,0,0,0,0,0
10635,10640,0,0,0,0,100,0,0,0,0,0,0,0,0,0,0,0
10640,10645,0,0,0,0,100,0,0,0,0,0,0,0,0,0,0,0
10645,10650,0,0,0,0,100,0,0,0,0,0,0,0,0,0,0,0
10650,10655,0,0,0,0,100,0,0,0,0,0,0,0,0,0,0,0
10655,10660,0,0,0,0,100,0,0,0,0,0,0,0,0,0,0,0
10660,10665,0,0,0,0,100,0,0,0,0,0,0,0,0,0,0,0
10665,10670,0,0,0,0,100,0,0,0,0,0,0,0,0,0,0,0
10670,10675,0,0,0,0,100,0,0,0,0,0,0,0,0,0,0,0
10675,10680,0,0,0,0,100,0,0,0,0,0,0,0,0,0,0,0
10680,10685,0,0,0,0,100,0,0,0,0,0,0,0,0,0,0,0
10685,10690,0,0,0,0,100,0,0,0,0,0,0,0,0,0,0,0
10690,10695,0,0,0,0,100,0,0,0,0,0,0,0,0,0,0,0
10695,10700,0,0,0,0,100,0,0,0,0,0,0,0,0,0,0,0
10700,10705,0,0,0,0,100,0,0,0,0,0,0,0,0,0,0,0
10705,10710,0,0,0,0,100,0,0,0,0,0,0,0,0,0,0,0
10710,10715,0,0,0,0,100,0,0,0,0,0,0,0,0,0,0,0
10715,10720,0,0,0,0,100,0,0,0,0,0,0,0,0,0,0,0
10720,10725,0,0,0,0,100,0,0,0,0,0,0,0,0,0,0,0
10725,10730,0,0,0,0,100,0,0,0,0,0,0,0,0,0,0,0
10730,10735,0,0,0,30,70,0,0,0,0,0,0,0,0,0,0,0
10735,10740,0,0,0,100,0,0,0,0,0,0,0,0,0,0,0,0
10740,10745,0,0,0,40,60,0,0,0,0,0,0,0,0,0,0,0
10745,10750,0,0,0,30,70,0,0,0,0,0,0,0,0,0,0,0
10750,10755,0,0,0,0,100,0,0,0,0,0,0,0,0,0,0,0
10755,10760,0,0,0,0,100,0,0,0,0,0,0,0,0,0,0,0
10760,10765,0,0,0,80,20,0,0,0,0,0,0,0,0,0,0,0
10765,10770,0,0,0,100,0,0,0,0,0,0,0,0,0,0,0,0
10770,10775,0,0,0,90,10,0,0,0,0,0,0,0,0,0,0,0
10775,10780,0,0,0,100,0,0,0,0,0,0,0,0,0,0,0,0
10780,10785,0,0,0,0,50,0,0,0,0,0,0,0,0,0,0,50
10785,10790,0,0,0,0,60,0,0,0,0,0,0,0,0,0,0,40
10790,10795,0,0,0,0,70,0,0,0,0,0,0,0,0,0,0,30
10795,10800,0,0,0,0,90,0,0,0,0,0,0,0,0,0,0,10
10800,10805,0,0,0,0,100,0,0,0,0,0,0,0,0,0,0,0
10805,10810,0,0,0,0,100,0,0,0,0,0,0,0,0,0,0,0
10810,10815,0,0,0,0,100,0,0,0,0,0,0,0,0,0,0,0
10815,10820,0,0,0,0,100,0,0,0,0,0,0,0,0,0,0,0
10820,10825,0,0,0,80,20,0,0,0,0,0,0,0,0,0,0,0
10825,10830,0,0,0,90,10,0,0,0,0,0,0,0,0,0,0,0
10830,10835,0,0,0,100,0,0,0,0,0,0,0,0,0,0,0,0
10835,10840,0,0,0,100,0,0,0,0,0,0,0,0,0,0,0,0
10840,10845,0,0,0,90,10,0,0,0,0,0,0,0,0,0,0,0
10845,10850,0,0,0,80,20,0,0,0,0,0,0,0,0,0,0,0
10850,10855,0,0,0,80,20,0,0,0,0,0,0,0,0,0,0,0
10855,10860,0,0,0,80,20,0,0,0,0,0,0,0,0,0,0,0
10860,10865,0,0,0,70,30,0,0,0,0,0,0,0,0,0,0,0
10865,10870,0,0,0,60,40,0,0,0,0,0,0,0,0,0,0,0
10870,10875,0,0,0,30,70,0,0,0,0,0,0,0,0,0,0,0
10875,10880,0,0,0,10,90,0,0,0,0,0,0,0,0,0,0,0
10880,10885,0,0,0,0,100,0,0,0,0,0,0,0,0,0,0,0
10885,10890,0,0,0,0,100,0,0,0,0,0,0,0,0,0,0,0
10890,10895,0,0,0,0,30,0,0,0,0,0,0,0,0,0,0,70
10895,10900,0,0,0,0,0,0,0,0,0,0,0,0,0,0,0,100
10900,10905,0,0,0,0,0,0,0,0,0,0,0,0,0,0,0,100
10905,10910,0,0,0,0,20,0,0,0,0,0,0,0,0,0,0,80
10910,10915,0,0,0,0,100,0,0,0,0,0,0,0,0,0,0,0
10915,10920,0,0,0,0,100,0,0,0,0,0,0,0,0,0,0,0
10920,10925,0,0,0,0,100,0,0,0,0,0,0,0,0,0,0,0
10925,10930,0,0,0,0,80,0,0,0,0,0,0,0,0,0,0,20
10930,10935,0,0,0,0,100,0,0,0,0,0,0,0,0,0,0,0
10935,10940,0,0,0,0,100,0,0,0,0,0,0,0,0,0,0,0
10940,10945,0,0,0,0,100,0,0,0,0,0,0,0,0,0,0,0
10945,10950,0,0,0,0,100,0,0,0,0,0,0,0,0,0,0,0
10950,10955,0,0,0,0,100,0,0,0,0,0,0,0,0,0,0,0
10955,10960,0,0,0,0,0,0,0,0,0,0,0,0,0,0,0,100
10960,10965,0,0,0,0,20,0,0,0,0,0,0,0,0,0,0,80
10965,10970,0,0,0,0,40,0,0,0,0,0,0,0,0,0,0,60
10970,10975,0,0,0,0,50,0,0,0,0,0,0,0,0,0,0,50
10975,10980,0,0,0,90,10,0,0,0,0,0,0,0,0,0,0,0
10980,10985,0,0,0,70,30,0,0,0,0,0,0,0,0,0,0,0
10985,10990,0,0,0,50,50,0,0,0,0,0,0,0,0,0,0,0
